transaction_id,timestamp,transaction_type,merchant_category,amount_inr,transaction_status,sender_age_group,receiver_age_group,sender_state,sender_bank,receiver_bank,device_type,network_type,fraud_flag,hour_of_day,day_of_week,is_weekend
TXN5E2B147AD67A,2026-01-16 07:01:59.114259,Bill Payment,Utilities,23415.4,SUCCESS,26-35,,Delhi,Axis,SBI,Web,4G,0,7,Friday,0
TXN75C7AD1E3049,2026-01-16 10:38:40.123780,P2P,,5617.86,SUCCESS,26-35,46-55,Maharashtra,SBI,ICICI,Android,4G,0,10,Friday,0
TXN50B677D0A7BB,2026-01-16 11:38:34.124834,P2M,Grocery,30000.0,SUCCESS,26-35,,Telangana,ICICI,SBI,iOS,4G,0,11,Friday,0
TXND26E5E4A43B8,2026-01-16 13:38:13.114746,P2P,,7434.73,SUCCESS,36-45,56+,Telangana,ICICI,SBI,Android,5G,0,13,Friday,0
TXNF426DAB76B3D,2026-01-16 13:49:37.118651,P2P,,25710.38,SUCCESS,26-35,36-45,Maharashtra,Axis,SBI,iOS,5G,0,13,Friday,0
TXN734F24A0A8A6,2026-01-16 13:56:06.110354,Bill Payment,Utilities,8968.21,SUCCESS,18-25,,Tamil Nadu,HDFC,ICICI,Android,5G,0,13,Friday,0
TXNF1CD8557D8BC,2026-01-16 14:09:06.115704,P2M,Entertainment,1246.91,SUCCESS,26-35,,Delhi,ICICI,HDFC,Android,WiFi,0,14,Friday,0
TXN018B3068D5A3,2026-01-16 15:32:59.124934,P2M,Entertainment,25000.0,SUCCESS,26-35,,Tamil Nadu,Yes Bank,SBI,Android,4G,0,15,Friday,0
TXN50842A5E2152,2026-01-16 20:28:45.123456,Recharge,Utilities,725.02,SUCCESS,56+,,Uttar Pradesh,SBI,Yes Bank,Web,WiFi,0,20,Friday,0
TXN8EA6BB3BD854,2026-01-16 22:28:25.114793,P2M,Fuel,9195.36,FAILED,46-55,,Rajasthan,Axis,Yes Bank,Android,4G,0,22,Friday,0
TXN00B1256D3530,2026-01-17 04:01:20.123192,P2P,,3418.3,SUCCESS,26-35,36-45,Maharashtra,ICICI,HDFC,Web,4G,0,4,Saturday,1
TXNCF41520A2DAC,2026-01-17 04:31:01.118585,P2M,Fuel,5031.41,SUCCESS,36-45,,Tamil Nadu,ICICI,Axis,Android,5G,0,4,Saturday,1
TXNB8D98F4A7012,2026-01-17 05:10:40.124276,P2M,Grocery,625.92,SUCCESS,18-25,,Karnataka,HDFC,HDFC,Android,4G,0,5,Saturday,1
TXN907E967ED2DE,2026-01-17 09:01:20.110820,P2P,,1446.96,SUCCESS,26-35,18-25,Karnataka,SBI,HDFC,Android,4G,0,9,Saturday,1
TXN5507CD4A9CA4,2026-01-17 10:01:57.112972,P2M,Grocery,12060.49,SUCCESS,26-35,,Maharashtra,ICICI,ICICI,Android,WiFi,0,10,Saturday,1
TXNA2685ED8255A,2026-01-17 10:14:20.116263,Bill Payment,Utilities,5104.22,SUCCESS,36-45,,Karnataka,HDFC,ICICI,iOS,5G,0,10,Saturday,1
TXN13889F53FCE3,2026-01-17 12:59:52.115544,Bill Payment,Utilities,6939.46,SUCCESS,26-35,,Rajasthan,SBI,Axis,iOS,WiFi,0,12,Saturday,1
TXN35285A53E1AE,2026-01-17 14:16:19.112637,P2M,Fuel,10100.19,SUCCESS,26-35,,Karnataka,Axis,HDFC,iOS,4G,0,14,Saturday,1
TXNFFBB8C66A45A,2026-01-17 14:53:35.119868,P2M,Grocery,5052.76,SUCCESS,36-45,,West Bengal,SBI,ICICI,Android,4G,0,14,Saturday,1
TXN9E053A6BAF57,2026-01-17 15:16:46.110885,P2P,,8117.62,SUCCESS,36-45,26-35,Telangana,SBI,SBI,Android,5G,0,15,Saturday,1
TXNA6E51ACB7DF6,2026-01-17 15:25:22.122495,P2P,,7019.25,SUCCESS,26-35,46-55,Gujarat,HDFC,ICICI,Android,4G,0,15,Saturday,1
TXN0DF9C5A406C3,2026-01-17 18:01:43.122199,P2P,,12702.19,SUCCESS,36-45,18-25,Tamil Nadu,Yes Bank,Yes Bank,iOS,4G,0,18,Saturday,1
TXNDCAB536D0DF3,2026-01-17 21:19:31.113641,Recharge,Utilities,393.16,SUCCESS,36-45,,West Bengal,SBI,SBI,Android,4G,0,21,Saturday,1
TXN2E48899C5045,2026-01-17 22:58:28.120988,Bill Payment,Utilities,29965.52,SUCCESS,26-35,,Rajasthan,ICICI,Yes Bank,Web,WiFi,0,22,Saturday,1
TXN97CFE64A410D,2026-01-18 00:43:04.123552,P2M,Food,2168.79,SUCCESS,26-35,,West Bengal,Axis,SBI,Android,4G,0,0,Sunday,1
TXNF196B80CAF3E,2026-01-18 00:55:01.110484,P2P,,3785.68,SUCCESS,36-45,18-25,Karnataka,ICICI,SBI,Android,4G,0,0,Sunday,1
TXN10F47D0956EA,2026-01-18 03:48:37.112135,P2P,,2493.18,SUCCESS,46-55,26-35,Maharashtra,ICICI,SBI,Android,WiFi,0,3,Sunday,1
TXNBB81D7C22273,2026-01-18 04:16:19.111285,P2M,Food,5806.25,SUCCESS,26-35,,Gujarat,ICICI,HDFC,Android,4G,0,4,Sunday,1
TXND67A84E610E5,2026-01-18 04:51:42.120228,P2M,Fuel,10514.21,SUCCESS,46-55,,West Bengal,SBI,ICICI,Android,4G,0,4,Sunday,1
TXN3DC805AF9C3E,2026-01-18 06:17:39.116563,Bill Payment,Utilities,9407.95,SUCCESS,26-35,,Maharashtra,Yes Bank,Axis,Android,5G,0,6,Sunday,1
TXN72FB624CF9D2,2026-01-18 07:16:21.123027,Recharge,Utilities,1029.82,SUCCESS,36-45,,Maharashtra,ICICI,SBI,Android,5G,0,7,Sunday,1
TXNDBCF8AEB8578,2026-01-18 08:00:57.109600,Recharge,Utilities,1332.94,SUCCESS,36-45,,Maharashtra,SBI,SBI,Android,4G,0,8,Sunday,1
TXN65B770B06156,2026-01-18 10:51:51.118619,P2M,Food,22518.71,FAILED,18-25,,Tamil Nadu,SBI,SBI,iOS,5G,0,10,Sunday,1
TXNCCD233026059,2026-01-18 11:41:54.114334,P2P,,2142.75,SUCCESS,26-35,36-45,Uttar Pradesh,SBI,Yes Bank,Android,4G,0,11,Sunday,1
TXNEF723ADDB5AC,2026-01-18 14:50:40.109635,P2P,,6974.81,SUCCESS,18-25,26-35,Gujarat,ICICI,SBI,iOS,WiFi,0,14,Sunday,1
TXN88F002EA59D1,2026-01-18 15:01:51.114500,P2P,,10471.42,SUCCESS,46-55,18-25,Uttar Pradesh,ICICI,ICICI,iOS,4G,0,15,Sunday,1
TXN2847DF742E82,2026-01-18 15:37:56.120907,P2P,,8716.16,FAILED,18-25,18-25,Telangana,HDFC,SBI,Web,4G,0,15,Sunday,1
TXND9F804E37358,2026-01-18 16:53:03.124694,P2P,,2934.77,SUCCESS,18-25,26-35,Maharashtra,HDFC,ICICI,Android,5G,0,16,Sunday,1
TXN8A2E0E7345EC,2026-01-18 18:08:19.109977,P2P,,8974.41,SUCCESS,36-45,36-45,Karnataka,HDFC,Yes Bank,Android,4G,0,18,Sunday,1
TXNA2B74E770947,2026-01-18 18:21:12.119969,Bill Payment,Utilities,29529.4,SUCCESS,18-25,,Rajasthan,SBI,SBI,Web,5G,0,18,Sunday,1
TXN15E97D86851E,2026-01-18 18:32:16.123584,P2M,Entertainment,7049.03,SUCCESS,26-35,,Rajasthan,SBI,Axis,Web,WiFi,0,18,Sunday,1
TXN83FD6ADEE49E,2026-01-18 19:32:49.112536,Bill Payment,Utilities,1821.43,FAILED,26-35,,Rajasthan,HDFC,Yes Bank,Android,WiFi,0,19,Sunday,1
TXN2E90AA49ED2A,2026-01-18 20:07:42.120389,P2P,,12569.91,SUCCESS,26-35,56+,Gujarat,Axis,ICICI,Web,WiFi,0,20,Sunday,1
TXN776607606775,2026-01-18 20:09:31.107702,P2P,,25000.0,SUCCESS,26-35,18-25,Telangana,Axis,HDFC,Android,5G,0,20,Sunday,1
TXND8C41A6DEF13,2026-01-18 20:25:53.111465,P2M,Entertainment,5160.43,SUCCESS,18-25,,West Bengal,SBI,Axis,Android,WiFi,0,20,Sunday,1
TXN430BF9E88B98,2026-01-18 21:48:48.112272,P2P,,25406.27,SUCCESS,46-55,36-45,Telangana,SBI,ICICI,iOS,5G,0,21,Sunday,1
TXN5FCB0C429140,2026-01-18 23:07:27.108199,P2M,Fuel,25000.0,SUCCESS,26-35,,Delhi,Axis,SBI,Android,WiFi,0,23,Sunday,1
TXNDAE16F435346,2026-01-18 23:24:51.114712,P2M,Food,2159.4,SUCCESS,36-45,,Uttar Pradesh,HDFC,Axis,iOS,4G,0,23,Sunday,1
TXNA5D1C26C0D26,2026-01-18 23:54:56.113582,Recharge,Utilities,2000.0,SUCCESS,36-45,,Telangana,Yes Bank,SBI,Android,WiFi,0,23,Sunday,1
TXNBA276245C07E,2026-01-19 01:26:15.116363,Recharge,Utilities,1194.34,SUCCESS,26-35,,Tamil Nadu,ICICI,SBI,Android,5G,0,1,Monday,0
TXN07FC21DE8C48,2026-01-19 02:48:05.117675,P2P,,45000.0,SUCCESS,36-45,46-55,Tamil Nadu,Axis,SBI,iOS,4G,0,2,Monday,0
TXN1AA9DEB86E72,2026-01-19 03:32:57.113130,Bill Payment,Utilities,13786.06,SUCCESS,26-35,,Tamil Nadu,Yes Bank,HDFC,Android,5G,0,3,Monday,0
TXN1BD12DCEF12B,2026-01-19 05:34:55.107995,P2P,,1114.12,SUCCESS,18-25,18-25,Gujarat,SBI,Yes Bank,Android,WiFi,0,5,Monday,0
TXN6743BD9CF083,2026-01-19 09:19:08.112306,P2P,,3289.1,SUCCESS,56+,18-25,Maharashtra,HDFC,HDFC,iOS,4G,0,9,Monday,0
TXND26F3D4CCEB6,2026-01-19 10:01:16.124015,P2P,,7744.33,SUCCESS,18-25,36-45,Tamil Nadu,ICICI,ICICI,Android,4G,0,10,Monday,0
TXN6ABE6DA3B826,2026-01-19 10:25:03.119611,Bill Payment,Utilities,8006.56,SUCCESS,18-25,,Karnataka,HDFC,HDFC,Android,4G,0,10,Monday,0
TXNEB84D1882D85,2026-01-19 10:55:52.121189,Recharge,Utilities,223.92,SUCCESS,46-55,,Karnataka,Yes Bank,HDFC,Android,4G,1,10,Monday,0
TXNA1EDC5BD528A,2026-01-19 15:00:46.119775,Bill Payment,Utilities,1474.75,SUCCESS,18-25,,Maharashtra,SBI,SBI,Android,4G,0,15,Monday,0
TXN1E91DC2461AE,2026-01-19 15:30:18.108302,P2P,,2709.41,SUCCESS,18-25,26-35,Delhi,SBI,HDFC,iOS,4G,0,15,Monday,0
TXN4AE4330D3369,2026-01-19 17:36:29.114924,P2M,Food,1994.53,SUCCESS,46-55,,Maharashtra,SBI,SBI,Android,WiFi,0,17,Monday,0
TXN7AC782B5E949,2026-01-19 18:00:12.116836,Recharge,Utilities,247.63,SUCCESS,18-25,,Delhi,HDFC,HDFC,Android,WiFi,0,18,Monday,0
TXN928D25090352,2026-01-19 18:26:35.109738,P2P,,1890.37,SUCCESS,26-35,18-25,Karnataka,SBI,Axis,Android,4G,0,18,Monday,0
TXN74F13A828152,2026-01-19 18:42:59.110549,P2P,,26082.83,SUCCESS,36-45,56+,Kerala,Axis,HDFC,Web,5G,1,18,Monday,0
TXN5E6F982FC4B9,2026-01-19 20:37:30.114956,P2P,,8942.08,SUCCESS,46-55,36-45,Delhi,HDFC,ICICI,Android,5G,0,20,Monday,0
TXN268A0ED2FCFD,2026-01-19 22:21:40.114994,P2M,Food,13149.11,SUCCESS,18-25,,Maharashtra,ICICI,ICICI,Web,5G,0,22,Monday,0
TXNF0F161F10D47,2026-01-19 22:25:51.121449,P2M,Food,8723.0,SUCCESS,26-35,,Maharashtra,HDFC,ICICI,iOS,4G,0,22,Monday,0
TXNEA8853D78EF3,2026-01-19 22:44:42.107927,P2P,,7964.1,SUCCESS,36-45,36-45,Maharashtra,HDFC,HDFC,Android,4G,0,22,Monday,0
TXN02C59FF0E257,2026-01-20 03:18:16.115736,P2M,Grocery,4681.59,SUCCESS,26-35,,Delhi,SBI,HDFC,iOS,5G,0,3,Tuesday,0
TXN989D4332E504,2026-01-20 04:53:57.116970,P2M,Food,5893.53,FAILED,18-25,,Telangana,HDFC,SBI,Android,WiFi,0,4,Tuesday,0
TXNBA1900FF0FA5,2026-01-20 05:19:16.125060,Recharge,Utilities,861.35,SUCCESS,36-45,,Tamil Nadu,HDFC,ICICI,Android,5G,0,5,Tuesday,0
TXN01DD16C251A4,2026-01-20 06:13:45.109672,Recharge,Utilities,417.35,SUCCESS,36-45,,Karnataka,HDFC,HDFC,Android,4G,0,6,Tuesday,0
TXN12F0E1EC05C9,2026-01-20 09:16:12.112405,Bill Payment,Utilities,2509.9,SUCCESS,36-45,,Delhi,SBI,SBI,Web,4G,0,9,Tuesday,0
TXND7D30A05B34E,2026-01-20 09:32:13.119061,Bill Payment,Utilities,2294.59,SUCCESS,36-45,,Maharashtra,HDFC,SBI,Android,5G,0,9,Tuesday,0
TXN4B33EE6FE514,2026-01-20 11:14:16.122302,P2P,,2030.62,SUCCESS,26-35,56+,Uttar Pradesh,SBI,HDFC,Android,4G,0,11,Tuesday,0
TXN43D21381099A,2026-01-20 13:10:06.117643,P2M,Fuel,12127.94,SUCCESS,26-35,,Tamil Nadu,SBI,HDFC,Android,4G,0,13,Tuesday,0
TXNED4B0AAE5BFB,2026-01-20 13:15:25.116902,Bill Payment,Utilities,27176.72,SUCCESS,36-45,,Karnataka,Yes Bank,SBI,Web,4G,0,13,Tuesday,0
TXNF22D0A5163A8,2026-01-20 13:17:29.109910,P2M,Fuel,8980.16,SUCCESS,46-55,,Karnataka,ICICI,SBI,Android,WiFi,0,13,Tuesday,0
TXN88665F53E151,2026-01-20 15:24:50.115125,P2M,Entertainment,2938.05,FAILED,26-35,,Uttar Pradesh,ICICI,ICICI,iOS,WiFi,0,15,Tuesday,0
TXN4EE68C01EB62,2026-01-20 15:52:01.111665,P2M,Fuel,13796.47,FAILED,26-35,,Telangana,HDFC,Axis,Android,4G,0,15,Tuesday,0
TXNA8523B2F2ECB,2026-01-20 17:55:54.115895,P2P,,22221.86,SUCCESS,18-25,26-35,Gujarat,ICICI,SBI,iOS,4G,0,17,Tuesday,0
TXN55A6790724E5,2026-01-20 18:05:36.122831,P2M,Entertainment,12421.55,SUCCESS,18-25,,Uttar Pradesh,HDFC,Axis,Android,4G,0,18,Tuesday,0
TXN2B9AAF6014E3,2026-01-20 20:08:18.122591,P2P,,25000.0,SUCCESS,18-25,36-45,Gujarat,Yes Bank,ICICI,Android,5G,0,20,Tuesday,0
TXN4E696FA05056,2026-01-20 20:43:31.115482,P2M,Fuel,3465.11,SUCCESS,18-25,,Rajasthan,SBI,HDFC,iOS,4G,0,20,Tuesday,0
TXN8E01C7842C50,2026-01-20 21:25:04.117933,Recharge,Utilities,408.08,SUCCESS,26-35,,Uttar Pradesh,SBI,HDFC,Android,5G,0,21,Tuesday,0
TXN56D822C810FB,2026-01-21 00:05:08.110280,P2M,Food,1028.4,FAILED,36-45,,Karnataka,HDFC,SBI,iOS,5G,0,0,Wednesday,0
TXN3B64DBB2A400,2026-01-21 00:07:46.113526,P2M,Grocery,14231.26,SUCCESS,56+,,West Bengal,HDFC,SBI,Android,WiFi,0,0,Wednesday,0
TXN06CD6901857D,2026-01-21 00:21:58.121543,P2P,,29133.9,SUCCESS,26-35,18-25,Delhi,ICICI,HDFC,iOS,4G,0,0,Wednesday,0
TXN862071223AD1,2026-01-21 01:09:33.117478,Bill Payment,Utilities,13758.37,SUCCESS,18-25,,West Bengal,SBI,HDFC,iOS,WiFi,0,1,Wednesday,0
TXN99F34555CA87,2026-01-21 01:32:10.115575,Bill Payment,Utilities,6810.38,SUCCESS,26-35,,Karnataka,Axis,HDFC,Android,5G,0,1,Wednesday,0
TXN56813479C97E,2026-01-21 02:19:21.116164,P2P,,7534.07,SUCCESS,26-35,46-55,West Bengal,ICICI,ICICI,Android,4G,0,2,Wednesday,0
TXN50B67F0C334F,2026-01-21 03:34:29.111532,Bill Payment,Utilities,10890.34,SUCCESS,18-25,,Karnataka,HDFC,HDFC,iOS,5G,0,3,Wednesday,0
TXND5A8B6BCF2C4,2026-01-21 08:06:24.122335,P2P,,1348.33,SUCCESS,36-45,36-45,Uttar Pradesh,HDFC,SBI,Android,5G,0,8,Wednesday,0
TXN57C223804FFC,2026-01-21 12:41:47.106892,P2P,,10274.81,SUCCESS,36-45,36-45,West Bengal,SBI,HDFC,Android,4G,0,12,Wednesday,0
TXNDBDCEB052260,2026-01-21 14:27:35.114299,P2P,,4779.43,SUCCESS,56+,46-55,Karnataka,SBI,ICICI,iOS,4G,0,14,Wednesday,0
TXN04B24E0326A5,2026-01-21 15:49:14.118688,Bill Payment,Utilities,14155.22,SUCCESS,46-55,,Kerala,HDFC,HDFC,Android,4G,0,15,Wednesday,0
TXNFBA956E71E9C,2026-01-21 18:26:55.121345,P2P,,747.58,SUCCESS,18-25,36-45,Uttar Pradesh,HDFC,HDFC,Android,5G,0,18,Wednesday,0
TXNF7BD25A7311D,2026-01-21 19:50:39.110048,P2M,Fuel,6034.87,SUCCESS,26-35,,West Bengal,Yes Bank,SBI,Android,5G,0,19,Wednesday,0
TXN06D43416560B,2026-01-21 20:22:47.123983,Bill Payment,Utilities,3116.93,SUCCESS,26-35,,Delhi,ICICI,SBI,Android,4G,0,20,Wednesday,0
TXN87E246AB35AD,2026-01-21 22:46:41.111250,P2P,,14570.94,SUCCESS,26-35,36-45,Delhi,Axis,Axis,iOS,4G,0,22,Wednesday,0
TXNE10799EBC4CD,2026-01-22 00:27:28.110012,P2P,,45000.0,SUCCESS,36-45,26-35,Maharashtra,HDFC,SBI,iOS,WiFi,0,0,Thursday,0
TXN7775C224A98A,2026-01-22 02:28:29.116231,P2M,Entertainment,14670.15,SUCCESS,18-25,,Karnataka,SBI,ICICI,Android,5G,0,2,Thursday,0
TXN172266BA078C,2026-01-22 05:15:42.124761,P2P,,3275.3,FAILED,36-45,26-35,Tamil Nadu,Yes Bank,SBI,Android,5G,0,5,Thursday,0
TXN642194D0E926,2026-01-22 10:49:49.120535,Recharge,Utilities,231.96,SUCCESS,36-45,,Gujarat,HDFC,HDFC,Android,4G,0,10,Thursday,0
TXNFA84C9C7D41B,2026-01-22 11:12:39.118920,P2M,Entertainment,6892.11,SUCCESS,18-25,,Gujarat,SBI,Axis,Android,5G,0,11,Thursday,0
TXN8FA522A08D52,2026-01-22 15:02:48.115640,P2P,,966.3,SUCCESS,26-35,18-25,Tamil Nadu,ICICI,ICICI,Android,4G,0,15,Thursday,0
TXN47860B339A7F,2026-01-22 15:26:48.108375,P2P,,12583.69,SUCCESS,18-25,26-35,Karnataka,HDFC,ICICI,iOS,WiFi,0,15,Thursday,0
TXN1EA74549D26F,2026-01-22 15:57:38.122367,P2P,,22435.81,SUCCESS,26-35,26-35,Delhi,ICICI,HDFC,Android,4G,0,15,Thursday,0
TXN3AA409593837,2026-01-22 16:22:21.122724,Recharge,Utilities,958.12,SUCCESS,18-25,,Karnataka,Axis,Yes Bank,Android,WiFi,0,16,Thursday,0
TXND5ED4B591579,2026-01-22 16:37:48.123618,P2M,Food,16257.0,SUCCESS,26-35,,Rajasthan,SBI,HDFC,Android,4G,0,16,Thursday,0
TXNE2F970382731,2026-01-22 17:01:47.117999,Bill Payment,Utilities,3480.61,SUCCESS,46-55,,Karnataka,SBI,SBI,Android,4G,0,17,Thursday,0
TXN1BA33EEB1A0D,2026-01-22 19:24:46.112339,P2M,Fuel,7852.57,SUCCESS,18-25,,Rajasthan,HDFC,HDFC,Android,5G,0,19,Thursday,0
TXND779C2928DF5,2026-01-22 19:50:52.120850,Bill Payment,Utilities,45000.0,SUCCESS,36-45,,Maharashtra,SBI,HDFC,iOS,4G,0,19,Thursday,0
TXN8E5A699E2AD3,2026-01-22 21:08:30.115319,P2M,Grocery,19471.4,SUCCESS,36-45,,Maharashtra,Yes Bank,HDFC,Android,4G,0,21,Thursday,0
TXN848903AFE73B,2026-01-23 03:44:48.121744,Bill Payment,Utilities,36672.53,SUCCESS,36-45,,Tamil Nadu,Yes Bank,SBI,iOS,4G,0,3,Friday,0
TXN31BD31E2D678,2026-01-23 04:31:57.123359,Bill Payment,Utilities,10313.65,SUCCESS,26-35,,Rajasthan,Axis,ICICI,iOS,5G,0,4,Friday,0
TXNE9279321C0FC,2026-01-23 05:38:36.113419,P2P,,16384.86,SUCCESS,26-35,26-35,Karnataka,HDFC,SBI,Android,5G,0,5,Friday,0
TXN72DC4B943B5B,2026-01-23 07:03:27.111384,P2P,,6640.66,SUCCESS,36-45,36-45,Gujarat,SBI,Axis,Android,4G,0,7,Friday,0
TXN04C7F518E986,2026-01-23 08:27:52.114826,P2P,,4653.51,SUCCESS,26-35,36-45,Maharashtra,Yes Bank,HDFC,iOS,4G,0,8,Friday,0
TXN6329C86261B1,2026-01-23 09:19:56.117836,P2P,,11260.47,SUCCESS,56+,56+,Delhi,SBI,SBI,Android,5G,0,9,Friday,0
TXNCDF87C31B016,2026-01-23 12:12:06.110181,P2M,Fuel,6823.88,SUCCESS,46-55,,Tamil Nadu,HDFC,HDFC,Android,5G,0,12,Friday,0
TXNEC79FF6DB677,2026-01-23 14:49:48.110215,P2P,,8351.75,SUCCESS,36-45,26-35,Maharashtra,HDFC,ICICI,iOS,5G,0,14,Friday,0
TXN9822C22A629D,2026-01-23 15:30:38.111700,P2P,,4536.21,SUCCESS,36-45,46-55,West Bengal,SBI,HDFC,iOS,5G,0,15,Friday,0
TXNFAEF59A9DAFF,2026-01-23 16:07:59.107515,P2P,,21523.97,SUCCESS,26-35,26-35,Tamil Nadu,SBI,SBI,iOS,4G,0,16,Friday,0
TXNAE338B59AFE5,2026-01-23 19:09:48.112670,P2M,Grocery,8035.54,SUCCESS,18-25,,West Bengal,HDFC,Yes Bank,Android,4G,0,19,Friday,0
TXN984D7BE9C3AF,2026-01-23 21:16:58.123684,P2M,Grocery,10354.57,SUCCESS,26-35,,Gujarat,SBI,Axis,Android,4G,0,21,Friday,0
TXN99095190904C,2026-01-24 01:47:14.109237,Recharge,Utilities,694.84,SUCCESS,26-35,,Telangana,HDFC,Yes Bank,Android,4G,0,1,Saturday,1
TXNC4DC167680A8,2026-01-24 02:03:11.123652,Bill Payment,Utilities,2341.63,SUCCESS,36-45,,Maharashtra,ICICI,ICICI,Android,WiFi,0,2,Saturday,1
TXNA80FC004C406,2026-01-24 03:13:19.117543,P2M,Food,6707.21,SUCCESS,18-25,,Karnataka,ICICI,ICICI,Android,5G,0,3,Saturday,1
TXNBD4F2768DE2C,2026-01-24 03:50:13.116093,P2P,,21229.63,SUCCESS,36-45,26-35,Maharashtra,SBI,SBI,iOS,4G,0,3,Saturday,1
TXN54CDD8727AEE,2026-01-24 04:47:05.115384,P2M,Entertainment,11998.39,SUCCESS,26-35,,Uttar Pradesh,SBI,SBI,Android,4G,0,4,Saturday,1
TXN8167E28EDA76,2026-01-24 05:58:31.122266,Bill Payment,Utilities,12783.92,SUCCESS,18-25,,Maharashtra,Axis,HDFC,Android,5G,0,5,Saturday,1
TXN9D92E1A0E289,2026-01-24 07:25:34.118453,P2M,Food,22444.51,SUCCESS,26-35,,Tamil Nadu,HDFC,HDFC,Android,4G,0,7,Saturday,1
TXNF6B0E11280D3,2026-01-24 09:10:23.117511,Bill Payment,Utilities,3443.05,SUCCESS,46-55,,Maharashtra,ICICI,ICICI,Android,4G,0,9,Saturday,1
TXNA55247C2CCAD,2026-01-24 10:32:10.124342,P2P,,44183.57,SUCCESS,26-35,18-25,Delhi,ICICI,SBI,iOS,4G,0,10,Saturday,1
TXNE3AC78850533,2026-01-24 12:46:47.118129,P2M,Fuel,15378.66,SUCCESS,56+,,Rajasthan,ICICI,SBI,Android,WiFi,0,12,Saturday,1
TXN0326500AAB24,2026-01-24 13:49:01.112437,Bill Payment,Utilities,7547.43,SUCCESS,36-45,,Karnataka,HDFC,HDFC,Android,5G,0,13,Saturday,1
TXN44DFA746996A,2026-01-24 14:25:34.125029,Recharge,Utilities,2000.0,SUCCESS,18-25,,Uttar Pradesh,SBI,SBI,iOS,5G,0,14,Saturday,1
TXNB75AB8351ABB,2026-01-24 14:53:27.124175,P2P,,6625.84,SUCCESS,46-55,26-35,Maharashtra,HDFC,HDFC,iOS,4G,0,14,Saturday,1
TXNF3F5447EB471,2026-01-24 14:55:00.121264,P2M,Food,2701.1,SUCCESS,26-35,,Maharashtra,HDFC,SBI,Android,5G,0,14,Saturday,1
TXN36DEA851C533,2026-01-24 15:37:43.116459,P2P,,7004.36,SUCCESS,18-25,56+,Delhi,Axis,ICICI,iOS,4G,0,15,Saturday,1
TXNA224A52B37DB,2026-01-24 17:26:31.119252,P2M,Grocery,6178.86,SUCCESS,36-45,,Gujarat,HDFC,Axis,Android,4G,0,17,Saturday,1
TXNB00E19A186C3,2026-01-24 18:09:11.119351,P2M,Fuel,3812.97,SUCCESS,36-45,,Delhi,ICICI,Yes Bank,iOS,5G,0,18,Saturday,1
TXN84A660049C50,2026-01-24 19:31:00.124375,Bill Payment,Utilities,45000.0,SUCCESS,26-35,,Uttar Pradesh,ICICI,ICICI,iOS,5G,0,19,Saturday,1
TXN4C15890E5CFB,2026-01-24 19:42:20.120197,P2M,Grocery,2735.05,SUCCESS,26-35,,Tamil Nadu,SBI,HDFC,Android,4G,0,19,Saturday,1
TXNB3B35F30C932,2026-01-24 20:46:04.110313,P2P,,5019.4,SUCCESS,36-45,18-25,Telangana,SBI,HDFC,Android,4G,0,20,Saturday,1
TXNE6BC52F0A565,2026-01-25 01:13:45.121807,Bill Payment,Utilities,1131.38,SUCCESS,56+,,Rajasthan,SBI,SBI,Android,4G,0,1,Sunday,1
TXN25492600B8ED,2026-01-25 03:08:58.122431,Bill Payment,Utilities,5334.0,SUCCESS,18-25,,Rajasthan,ICICI,HDFC,iOS,4G,0,3,Sunday,1
TXNC698F76D1774,2026-01-25 03:29:17.108234,P2P,,4988.85,SUCCESS,26-35,56+,Delhi,ICICI,SBI,Android,4G,0,3,Sunday,1
TXNCB8ADF2401F8,2026-01-25 05:01:59.117036,P2P,,2244.75,SUCCESS,36-45,36-45,Gujarat,HDFC,Axis,Android,4G,0,5,Sunday,1
TXN663B53AF1623,2026-01-25 05:56:41.123392,P2P,,1696.41,SUCCESS,36-45,26-35,Delhi,SBI,SBI,Android,5G,0,5,Sunday,1
TXNC5AF62339EC9,2026-01-25 06:46:56.110149,Recharge,Utilities,1143.1,SUCCESS,36-45,,Maharashtra,ICICI,ICICI,Android,WiFi,0,6,Sunday,1
TXN7EE5F5F9B009,2026-01-25 08:32:51.121416,P2M,Grocery,2927.79,SUCCESS,18-25,,Karnataka,SBI,ICICI,Android,4G,0,8,Sunday,1
TXN1FC7DFD6D4FE,2026-01-25 08:35:44.108101,P2M,Grocery,8564.52,SUCCESS,18-25,,Telangana,HDFC,Axis,Android,5G,0,8,Sunday,1
TXNF03D541183F3,2026-01-25 10:54:23.122169,Bill Payment,Utilities,5442.26,SUCCESS,18-25,,Uttar Pradesh,SBI,Axis,Android,4G,0,10,Sunday,1
TXN5FCC7680BBD2,2026-01-25 18:57:57.118030,P2P,,26339.79,SUCCESS,36-45,18-25,Maharashtra,HDFC,ICICI,iOS,4G,0,18,Sunday,1
TXN526781FE1A2A,2026-01-26 02:18:59.120681,P2M,Fuel,25000.0,SUCCESS,26-35,,Gujarat,SBI,HDFC,Android,5G,0,2,Monday,0
TXND0CD3C8B6838,2026-01-26 04:58:02.118720,P2M,Grocery,23077.54,FAILED,36-45,,Telangana,Axis,ICICI,Android,4G,0,4,Monday,0
TXNA43C922491A2,2026-01-26 08:28:27.120358,P2M,Entertainment,14964.99,FAILED,18-25,,Gujarat,SBI,ICICI,iOS,4G,0,8,Monday,0
TXNC81F815CBD4C,2026-01-26 08:33:52.119742,P2M,Entertainment,9465.18,SUCCESS,18-25,,Uttar Pradesh,Axis,ICICI,iOS,4G,0,8,Monday,0
TXN9F6857B65162,2026-01-26 09:16:27.117967,Recharge,Utilities,306.92,SUCCESS,46-55,,Uttar Pradesh,HDFC,SBI,Android,4G,0,9,Monday,0
TXN9E4B907C1A8F,2026-01-26 10:52:13.120131,Recharge,Utilities,376.51,SUCCESS,18-25,,Tamil Nadu,Axis,ICICI,Android,WiFi,0,10,Monday,0
TXN8B15D33A2A1C,2026-01-26 15:05:33.109566,Bill Payment,Utilities,8739.36,SUCCESS,46-55,,Karnataka,HDFC,HDFC,Android,5G,0,15,Monday,0
TXNE9EF4BAF1256,2026-01-26 15:20:09.120421,P2M,Entertainment,9390.16,SUCCESS,46-55,,Gujarat,Axis,Axis,Web,4G,0,15,Monday,0
TXN207684EF463E,2026-01-26 18:37:09.117177,P2M,Entertainment,1795.76,SUCCESS,46-55,,West Bengal,SBI,ICICI,Web,WiFi,0,18,Monday,0
TXN127A4D440B85,2026-01-26 19:59:42.122039,P2P,,6553.26,SUCCESS,36-45,46-55,Uttar Pradesh,ICICI,SBI,Android,5G,0,19,Monday,0
TXN2D1BE817DAE4,2026-01-26 20:14:01.122895,P2P,,1940.1,SUCCESS,56+,36-45,Gujarat,SBI,HDFC,iOS,5G,0,20,Monday,0
TXN440921547C63,2026-01-26 20:52:44.118097,P2M,Fuel,3753.39,SUCCESS,26-35,,West Bengal,Yes Bank,ICICI,iOS,4G,0,20,Monday,0
TXN6F8B7E0C4584,2026-01-26 22:40:58.120294,P2M,Fuel,5610.39,SUCCESS,26-35,,Gujarat,HDFC,SBI,Android,4G,0,22,Monday,0
TXN1420E9F3E893,2026-01-27 00:35:34.111902,P2P,,10657.12,SUCCESS,36-45,36-45,Maharashtra,SBI,Axis,Web,5G,0,0,Tuesday,0
TXN53B9931293C3,2026-01-27 02:28:50.111083,Bill Payment,Utilities,5054.66,SUCCESS,36-45,,Rajasthan,SBI,SBI,iOS,5G,0,2,Tuesday,0
TXN7C7EE8F6C3CB,2026-01-27 03:07:53.122864,Bill Payment,Utilities,32492.6,SUCCESS,36-45,,Maharashtra,HDFC,HDFC,iOS,5G,0,3,Tuesday,0
TXN7372173D0E0B,2026-01-27 06:12:19.121870,P2P,,5575.83,SUCCESS,18-25,46-55,Maharashtra,ICICI,Axis,Android,4G,0,6,Tuesday,0
TXN2A0E0A801EA8,2026-01-27 06:21:26.120596,Recharge,Utilities,514.97,SUCCESS,46-55,,Telangana,Axis,ICICI,Android,4G,0,6,Tuesday,0
TXN88367029BF1E,2026-01-27 08:25:31.108998,P2M,Grocery,4628.71,SUCCESS,26-35,,Delhi,HDFC,SBI,Android,4G,0,8,Tuesday,0
TXNA657EDC964CB,2026-01-27 09:53:00.120639,Recharge,Utilities,826.83,SUCCESS,18-25,,Rajasthan,SBI,HDFC,Android,5G,0,9,Tuesday,0
TXN6EEF0EEF255A,2026-01-27 10:12:26.107619,Bill Payment,Utilities,4965.03,SUCCESS,26-35,,Tamil Nadu,SBI,SBI,Android,WiFi,0,10,Tuesday,0
TXN5718FD4B7887,2026-01-27 10:26:58.110787,P2P,,4224.38,SUCCESS,18-25,46-55,Maharashtra,SBI,SBI,Android,4G,0,10,Tuesday,0
TXN1271B4EAD4A9,2026-01-27 15:02:54.115831,P2P,,3833.33,SUCCESS,46-55,36-45,Tamil Nadu,ICICI,Axis,iOS,WiFi,0,15,Tuesday,0
TXNA4CAC250B41E,2026-01-27 15:51:26.111973,P2P,,3779.17,SUCCESS,36-45,26-35,Maharashtra,Yes Bank,ICICI,Android,4G,0,15,Tuesday,0
TXN150E8F55D9C4,2026-01-27 16:16:54.108032,P2P,,3563.32,SUCCESS,36-45,46-55,Gujarat,SBI,HDFC,Android,4G,0,16,Tuesday,0
TXN3D9ADACFDC45,2026-01-27 16:54:41.109204,P2P,,1931.77,SUCCESS,18-25,36-45,Uttar Pradesh,SBI,ICICI,iOS,5G,0,16,Tuesday,0
TXNBD680F925B74,2026-01-27 17:50:20.116298,P2M,Entertainment,5576.96,SUCCESS,18-25,,West Bengal,SBI,HDFC,Android,4G,0,17,Tuesday,0
TXN9793AA9E8A43,2026-01-27 20:51:53.112005,Bill Payment,Utilities,1330.97,SUCCESS,18-25,,Tamil Nadu,ICICI,SBI,Android,WiFi,0,20,Tuesday,0
TXN87242DA23098,2026-01-27 21:09:57.113008,P2P,,7084.04,SUCCESS,18-25,26-35,Maharashtra,ICICI,HDFC,Web,5G,0,21,Tuesday,0
TXNAE3BCEC162A3,2026-01-27 21:55:35.109273,P2P,,7662.94,SUCCESS,36-45,18-25,Kerala,Axis,HDFC,iOS,4G,0,21,Tuesday,0
TXNB63DDEB10FBA,2026-01-27 23:09:56.115513,P2M,Fuel,4936.04,SUCCESS,56+,,Karnataka,HDFC,SBI,Android,5G,0,23,Tuesday,0
TXNC49C3F1C0E38,2026-01-28 00:34:47.116698,P2P,,52719.82,FAILED,26-35,36-45,Rajasthan,SBI,HDFC,Web,5G,0,0,Wednesday,0
TXNFA0EF850477D,2026-01-28 03:24:30.115929,Bill Payment,Utilities,5431.53,SUCCESS,36-45,,Gujarat,HDFC,SBI,iOS,5G,0,3,Wednesday,0
TXN1CB2A98889C5,2026-01-28 04:12:19.119287,P2P,,7654.33,SUCCESS,26-35,18-25,Tamil Nadu,ICICI,ICICI,Web,4G,0,4,Wednesday,0
TXN6B2BF8A467C3,2026-01-28 04:14:32.112739,Recharge,Utilities,254.57,SUCCESS,36-45,,Karnataka,SBI,Yes Bank,Web,4G,0,4,Wednesday,0
TXNDE22A99982D8,2026-01-28 06:22:18.110387,P2M,Entertainment,25000.0,SUCCESS,18-25,,Tamil Nadu,HDFC,SBI,Android,5G,0,6,Wednesday,0
TXNF016C16C5FC9,2026-01-28 06:25:20.121310,P2M,Entertainment,4121.33,SUCCESS,36-45,,Kerala,HDFC,HDFC,Web,5G,0,6,Wednesday,0
TXNCE15943554E3,2026-01-28 06:57:45.112569,P2P,,5013.18,SUCCESS,36-45,36-45,Maharashtra,ICICI,ICICI,Web,5G,0,6,Wednesday,0
TXN070AD9C702AA,2026-01-28 07:33:49.108410,Recharge,Utilities,158.95,SUCCESS,46-55,,Maharashtra,HDFC,SBI,iOS,WiFi,0,7,Wednesday,0
TXN46A23E90F137,2026-01-28 08:14:16.115189,Recharge,Utilities,839.98,SUCCESS,18-25,,Maharashtra,HDFC,Yes Bank,iOS,4G,0,8,Wednesday,0
TXN4D882F32CC81,2026-01-28 08:34:57.111598,Bill Payment,Utilities,35353.97,SUCCESS,26-35,,Maharashtra,HDFC,Yes Bank,iOS,5G,0,8,Wednesday,0
TXNE63C739B671F,2026-01-28 11:57:16.110984,P2M,Entertainment,1518.94,SUCCESS,46-55,,Maharashtra,SBI,ICICI,Android,WiFi,0,11,Wednesday,0
TXN44B5096EB889,2026-01-28 14:00:52.117445,Bill Payment,Utilities,17898.04,SUCCESS,36-45,,Kerala,Axis,HDFC,iOS,4G,0,14,Wednesday,0
TXN19A5C01C8EA6,2026-01-28 16:19:59.119805,P2M,Entertainment,1530.99,SUCCESS,18-25,,Rajasthan,HDFC,ICICI,Android,5G,0,16,Wednesday,0
TXN5BB66E5CE822,2026-01-28 16:20:15.118323,Bill Payment,Utilities,13248.27,SUCCESS,46-55,,Gujarat,SBI,SBI,Android,WiFi,0,16,Wednesday,0
TXNCCBF912A8B51,2026-01-28 18:05:25.109126,P2M,Fuel,18002.37,SUCCESS,46-55,,Karnataka,Yes Bank,HDFC,Android,WiFi,0,18,Wednesday,0
TXN867EC1BC9DF9,2026-01-28 18:14:45.112372,Bill Payment,Utilities,23189.89,SUCCESS,56+,,Karnataka,SBI,SBI,Android,4G,0,18,Wednesday,0
TXN8FF27C745D62,2026-01-28 21:48:39.121383,P2P,,3695.91,SUCCESS,46-55,18-25,Telangana,HDFC,HDFC,Android,WiFi,0,21,Wednesday,0
TXN6F7F6B44B4B8,2026-01-28 21:51:24.107850,Recharge,Utilities,316.14,SUCCESS,26-35,,Gujarat,ICICI,SBI,iOS,5G,0,21,Wednesday,0
TXN590D30DC6344,2026-01-28 22:59:26.113211,P2M,Grocery,19925.03,SUCCESS,26-35,,Telangana,Yes Bank,Axis,Android,5G,0,22,Wednesday,0
TXN24024C14E5C9,2026-01-28 23:10:31.120452,P2P,,11405.22,SUCCESS,26-35,18-25,Tamil Nadu,SBI,SBI,iOS,5G,0,23,Wednesday,0
TXN95ACF18640AA,2026-01-28 23:12:53.109771,Bill Payment,Utilities,25409.26,SUCCESS,26-35,,Gujarat,Yes Bank,Axis,iOS,4G,0,23,Wednesday,0
TXN8686E3CCFD11,2026-01-28 23:58:13.108166,Recharge,Utilities,122.4,SUCCESS,56+,,Kerala,ICICI,ICICI,iOS,4G,0,23,Wednesday,0
TXN25BE529F9D19,2026-01-29 04:07:10.116492,Bill Payment,Utilities,3264.95,SUCCESS,26-35,,Delhi,SBI,Yes Bank,Android,5G,0,4,Thursday,0
TXN494DEC6A348A,2026-01-29 04:59:22.109876,P2M,Grocery,20472.91,SUCCESS,36-45,,Telangana,SBI,ICICI,iOS,5G,0,4,Thursday,0
TXND4125F10C91F,2026-01-29 07:03:07.123127,P2P,,45000.0,FAILED,26-35,26-35,West Bengal,ICICI,Axis,iOS,4G,0,7,Thursday,0
TXND9C83F1EEAA5,2026-01-29 07:26:54.113483,P2P,,17017.79,SUCCESS,18-25,36-45,Delhi,ICICI,SBI,iOS,4G,0,7,Thursday,0
TXN9E6E986DA8AA,2026-01-29 09:37:53.120262,Bill Payment,Utilities,25000.0,SUCCESS,26-35,,Gujarat,Axis,SBI,Android,4G,0,9,Thursday,0
TXN9DD90ADA1E50,2026-01-29 09:47:47.124309,P2P,,4126.11,SUCCESS,18-25,26-35,Delhi,SBI,Yes Bank,Web,WiFi,0,9,Thursday,0
TXN75B938D97B5A,2026-01-29 11:24:11.110918,P2M,Fuel,6287.07,SUCCESS,26-35,,Karnataka,HDFC,HDFC,Android,5G,0,11,Thursday,0
TXN74532B79C8AD,2026-01-29 14:04:39.108966,Bill Payment,Utilities,5589.7,SUCCESS,18-25,,Karnataka,SBI,HDFC,Android,5G,0,14,Thursday,0
TXNC02195B6E777,2026-01-29 14:15:35.116395,P2P,,1882.66,SUCCESS,56+,18-25,Karnataka,ICICI,Axis,Android,5G,0,14,Thursday,0
TXN06E577D2F915,2026-01-29 18:09:11.120326,P2P,,9343.61,SUCCESS,36-45,18-25,Karnataka,Axis,ICICI,Android,4G,0,18,Thursday,0
TXNBB815049932F,2026-01-29 18:59:04.117575,P2P,,4253.18,SUCCESS,26-35,26-35,Maharashtra,SBI,SBI,Android,WiFi,0,18,Thursday,0
TXN4FC5D0467C3C,2026-01-29 23:01:14.108339,P2P,,6534.5,SUCCESS,36-45,56+,Gujarat,SBI,Axis,iOS,4G,0,23,Thursday,0
TXNBB63543631B6,2026-01-30 00:55:03.119418,P2M,Food,5399.59,SUCCESS,26-35,,Uttar Pradesh,SBI,Axis,Android,4G,0,0,Friday,0
TXN5BCDC6E88CE6,2026-01-30 01:09:03.124998,P2M,Food,2643.48,SUCCESS,26-35,,Maharashtra,SBI,Axis,Android,4G,0,1,Friday,0
TXN40B5116DA544,2026-01-30 02:09:49.123058,P2P,,45000.0,SUCCESS,26-35,18-25,Karnataka,HDFC,SBI,iOS,5G,0,2,Friday,0
TXNAE533B34F9EE,2026-01-30 05:31:18.118791,P2M,Entertainment,14842.91,SUCCESS,18-25,,Uttar Pradesh,SBI,Axis,iOS,5G,0,5,Friday,0
TXNC08F50867F8D,2026-01-30 06:26:28.121776,Bill Payment,Utilities,7052.71,SUCCESS,26-35,,West Bengal,HDFC,ICICI,iOS,WiFi,0,6,Friday,0
TXN2969AB07F377,2026-01-30 06:43:09.116665,P2M,Grocery,25000.0,SUCCESS,26-35,,Delhi,Axis,SBI,Android,WiFi,0,6,Friday,0
TXND052A9542EF4,2026-01-30 08:15:57.122006,P2M,Fuel,7544.46,SUCCESS,46-55,,Tamil Nadu,SBI,ICICI,iOS,5G,0,8,Friday,0
TXN71376BAB91A3,2026-01-30 11:07:42.115062,Bill Payment,Utilities,32342.75,SUCCESS,26-35,,Uttar Pradesh,SBI,HDFC,iOS,4G,0,11,Friday,0
TXNEF6D06A2E437,2026-01-30 11:11:23.115450,P2M,Food,16031.23,SUCCESS,36-45,,Tamil Nadu,HDFC,Axis,Web,5G,0,11,Friday,0
TXN46233590E62A,2026-01-30 14:49:44.110116,Bill Payment,Utilities,456.95,SUCCESS,26-35,,Delhi,HDFC,Axis,Android,4G,0,14,Friday,0
TXNA8DE7B7FF274,2026-01-30 15:06:11.118224,P2P,,11735.4,SUCCESS,18-25,46-55,Uttar Pradesh,HDFC,HDFC,Android,4G,0,15,Friday,0
TXNA083A15FCC92,2026-01-30 16:28:55.114859,P2M,Food,8752.11,SUCCESS,26-35,,Delhi,SBI,SBI,iOS,4G,0,16,Friday,0
TXN604685E105BA,2026-01-30 16:51:50.122799,P2P,,2382.28,SUCCESS,36-45,36-45,Uttar Pradesh,SBI,Axis,Android,5G,0,16,Friday,0
TXN9B8EA1AC1F7B,2026-01-30 16:53:13.108730,P2M,Fuel,2213.83,SUCCESS,26-35,,Maharashtra,HDFC,Yes Bank,iOS,5G,0,16,Friday,0
TXN113C90BD0AAC,2026-01-30 18:58:46.124503,P2M,Entertainment,25000.0,SUCCESS,18-25,,Maharashtra,HDFC,SBI,Android,4G,0,18,Friday,0
TXNE311B860BFE6,2026-01-31 01:15:44.116731,P2P,,1368.36,SUCCESS,26-35,18-25,Kerala,ICICI,SBI,Android,WiFi,0,1,Saturday,1
TXNA653A5C3ACC0,2026-01-31 01:22:48.109805,P2M,Fuel,29131.19,SUCCESS,26-35,,Karnataka,HDFC,SBI,iOS,5G,0,1,Saturday,1
TXNB31E529432EE,2026-01-31 02:08:38.115094,P2M,Food,1892.5,SUCCESS,18-25,,Tamil Nadu,ICICI,HDFC,iOS,4G,0,2,Saturday,1
TXN2E7D3DBAEB79,2026-01-31 02:09:36.124143,Bill Payment,Utilities,13384.28,SUCCESS,18-25,,West Bengal,HDFC,Axis,Android,4G,0,2,Saturday,1
TXN41A151AF961D,2026-01-31 02:11:27.116870,P2M,Food,11697.66,SUCCESS,36-45,,Uttar Pradesh,ICICI,SBI,iOS,WiFi,0,2,Saturday,1
TXN480D2D468C37,2026-01-31 04:21:36.116427,P2M,Grocery,5371.29,SUCCESS,18-25,,Tamil Nadu,HDFC,ICICI,iOS,4G,0,4,Saturday,1
TXN3AE5EB94E637,2026-01-31 04:28:56.111351,Bill Payment,Utilities,6110.81,FAILED,36-45,,Delhi,SBI,Axis,Android,4G,0,4,Saturday,1
TXND50D4E2CFDCB,2026-01-31 04:39:04.108829,P2P,,1656.65,FAILED,18-25,26-35,West Bengal,SBI,HDFC,Android,5G,0,4,Saturday,1
TXN6AED7770FCC0,2026-01-31 05:18:07.113902,P2M,Fuel,10556.29,SUCCESS,18-25,,Telangana,HDFC,HDFC,iOS,WiFi,0,5,Saturday,1
TXN221F49907B5D,2026-01-31 06:56:19.123291,Recharge,Utilities,486.34,SUCCESS,18-25,,Delhi,Axis,Axis,Android,4G,0,6,Saturday,1
TXN6E697468C85F,2026-01-31 07:00:56.111050,P2M,Grocery,4440.05,SUCCESS,26-35,,West Bengal,HDFC,ICICI,Android,4G,0,7,Saturday,1
TXNBC2EC8671C13,2026-01-31 07:15:16.119481,Recharge,Utilities,364.38,SUCCESS,46-55,,West Bengal,HDFC,SBI,Android,5G,0,7,Saturday,1
TXN4FA784B00051,2026-01-31 08:43:08.119319,Bill Payment,Utilities,13511.37,SUCCESS,36-45,,Karnataka,HDFC,ICICI,Web,WiFi,0,8,Saturday,1
TXN5B932BF74C06,2026-01-31 10:50:07.121646,Bill Payment,Utilities,10262.46,SUCCESS,36-45,,Maharashtra,Axis,HDFC,Android,5G,0,10,Saturday,1
TXNBECF4B48A003,2026-01-31 12:21:01.112504,P2M,Fuel,13670.0,SUCCESS,46-55,,Delhi,ICICI,Axis,Android,4G,0,12,Saturday,1
TXN8688989F707A,2026-01-31 15:15:09.117413,P2P,,4220.57,SUCCESS,36-45,36-45,West Bengal,HDFC,SBI,iOS,4G,0,15,Saturday,1
TXN431E5F242A6D,2026-01-31 16:54:18.119679,P2M,Food,4520.52,SUCCESS,26-35,,Karnataka,Yes Bank,Axis,iOS,4G,0,16,Saturday,1
TXN1130E7D3CBE4,2026-01-31 18:52:39.119577,P2M,Fuel,3298.11,SUCCESS,26-35,,Tamil Nadu,Axis,HDFC,iOS,4G,0,18,Saturday,1
TXNC58B9DFFF49F,2026-01-31 19:59:40.117277,P2P,,25000.0,SUCCESS,18-25,18-25,Delhi,HDFC,SBI,Android,5G,0,19,Saturday,1
TXNC86CF7EA2444,2026-01-31 21:22:07.111318,P2P,,2755.93,SUCCESS,36-45,26-35,Tamil Nadu,SBI,HDFC,Web,4G,0,21,Saturday,1
TXNA1B374A4CF7E,2026-01-31 23:14:33.115029,P2P,,18467.87,SUCCESS,26-35,26-35,Telangana,HDFC,ICICI,Android,5G,0,23,Saturday,1
TXN0180C3A81D27,2026-02-01 02:55:49.115220,P2M,Grocery,10469.11,SUCCESS,36-45,,Rajasthan,HDFC,SBI,Android,4G,0,2,Sunday,1
TXNA1A0C9109212,2026-02-01 03:01:39.113855,P2P,,10426.77,FAILED,36-45,36-45,Maharashtra,SBI,HDFC,iOS,4G,0,3,Sunday,1
TXN37EC06F64265,2026-02-01 04:03:50.124047,Bill Payment,Utilities,11194.23,SUCCESS,36-45,,Gujarat,HDFC,ICICI,Web,WiFi,0,4,Sunday,1
TXN5EE226CFD7B2,2026-02-01 04:59:55.118354,P2M,Entertainment,11516.16,SUCCESS,26-35,,West Bengal,ICICI,Yes Bank,Android,4G,0,4,Sunday,1
TXND40641560C6C,2026-02-01 05:12:17.117901,P2M,Entertainment,3355.77,SUCCESS,46-55,,Maharashtra,Axis,HDFC,Android,4G,0,5,Sunday,1
TXN3B165A52AF1A,2026-02-01 05:16:12.117003,P2P,,734.37,SUCCESS,56+,26-35,Rajasthan,HDFC,HDFC,Web,4G,0,5,Sunday,1
TXNB27655CAF398,2026-02-01 05:17:06.120067,Bill Payment,Utilities,2302.61,SUCCESS,26-35,,Maharashtra,ICICI,SBI,Android,4G,0,5,Sunday,1
TXNB374A8E2753A,2026-02-01 05:42:24.112168,P2P,,45000.0,SUCCESS,26-35,26-35,Telangana,HDFC,SBI,iOS,5G,0,5,Sunday,1
TXNDDE54B055C80,2026-02-01 06:55:04.114534,P2P,,8050.49,SUCCESS,18-25,36-45,Rajasthan,Axis,Yes Bank,Web,5G,0,6,Sunday,1
TXNA46426C20450,2026-02-01 08:53:22.121679,P2P,,1669.87,SUCCESS,46-55,26-35,Tamil Nadu,HDFC,ICICI,Android,5G,0,8,Sunday,1
TXN5E62AF4EF04C,2026-02-01 09:20:19.113695,P2P,,8835.61,SUCCESS,26-35,56+,West Bengal,HDFC,SBI,Web,4G,0,9,Sunday,1
TXN40CC7A86D9AD,2026-02-01 09:25:02.124078,P2M,Food,6017.07,SUCCESS,26-35,,Rajasthan,HDFC,HDFC,iOS,4G,0,9,Sunday,1
TXN23B69EF3F93F,2026-02-01 10:39:02.122928,P2P,,1915.01,FAILED,26-35,18-25,Delhi,Axis,SBI,Android,4G,0,10,Sunday,1
TXNFFC3017C4536,2026-02-01 14:02:57.112870,P2M,Grocery,25000.0,SUCCESS,26-35,,Delhi,SBI,SBI,Android,4G,0,14,Sunday,1
TXNF7A18E389C55,2026-02-01 16:09:32.111151,P2P,,9365.5,SUCCESS,56+,26-35,West Bengal,SBI,Axis,Android,4G,0,16,Sunday,1
TXNA039486F75C0,2026-02-01 18:17:56.118553,Recharge,Utilities,410.51,SUCCESS,46-55,,Uttar Pradesh,SBI,SBI,Android,WiFi,0,18,Sunday,1
TXN2F793EF02CD9,2026-02-01 19:36:09.119934,P2P,,75000.0,SUCCESS,18-25,18-25,Gujarat,SBI,SBI,Web,5G,0,19,Sunday,1
TXNFEC04D2E0179,2026-02-01 20:42:37.112070,P2P,,3892.98,SUCCESS,26-35,36-45,Maharashtra,HDFC,HDFC,iOS,5G,0,20,Sunday,1
TXN67EFE967E259,2026-02-01 23:36:26.121512,P2M,Grocery,30000.0,SUCCESS,18-25,,Delhi,HDFC,SBI,iOS,5G,0,23,Sunday,1
TXN3D671D8B407F,2026-02-02 03:57:29.111116,P2P,,9584.94,SUCCESS,26-35,18-25,Gujarat,SBI,ICICI,iOS,4G,0,3,Monday,0
TXN441067E456FA,2026-02-02 06:57:18.124110,P2P,,11555.34,SUCCESS,26-35,26-35,Delhi,SBI,ICICI,Android,4G,0,6,Monday,0
TXN914CE1744964,2026-02-02 11:04:57.120003,P2P,,9597.86,SUCCESS,36-45,46-55,Karnataka,HDFC,ICICI,iOS,4G,0,11,Monday,0
TXNC2FABFB8E01F,2026-02-02 11:32:09.118824,Bill Payment,Utilities,9183.97,SUCCESS,18-25,,Uttar Pradesh,SBI,HDFC,Web,WiFi,0,11,Monday,0
TXN5FE7197E2014,2026-02-02 12:20:46.115994,Bill Payment,Utilities,11800.71,SUCCESS,26-35,,Karnataka,SBI,Axis,iOS,4G,0,12,Monday,0
TXN27F19BAD3164,2026-02-02 14:06:49.121101,P2P,,25000.0,SUCCESS,56+,36-45,Tamil Nadu,HDFC,ICICI,Android,5G,0,14,Monday,0
TXN7059AF684B5D,2026-02-02 17:21:25.112837,P2M,Entertainment,3061.88,SUCCESS,26-35,,Kerala,ICICI,SBI,Android,WiFi,0,17,Monday,0
TXN794E532744F9,2026-02-02 20:33:14.122995,P2P,,4775.86,SUCCESS,18-25,26-35,Kerala,ICICI,Yes Bank,Android,4G,0,20,Monday,0
TXNEB35448F781A,2026-02-02 21:14:28.110517,P2M,Grocery,18745.83,SUCCESS,46-55,,Delhi,Axis,ICICI,Web,4G,0,21,Monday,0
TXNB48F79AD0578,2026-02-02 22:57:45.110720,P2M,Fuel,3719.23,SUCCESS,26-35,,Kerala,Yes Bank,Axis,Web,4G,0,22,Monday,0
TXN919F42427C06,2026-02-02 23:26:09.119513,Bill Payment,Utilities,9483.04,SUCCESS,56+,,Karnataka,SBI,ICICI,Android,4G,0,23,Monday,0
TXNC5706193CFC3,2026-02-03 00:24:41.124866,P2P,,15098.89,SUCCESS,18-25,36-45,Kerala,Yes Bank,Axis,Android,4G,0,0,Tuesday,0
TXNDE96D95B1096,2026-02-03 02:41:49.112706,P2M,Grocery,8844.8,SUCCESS,26-35,,Karnataka,SBI,SBI,Android,4G,0,2,Tuesday,0
TXNEFF5C558CB11,2026-02-03 04:45:30.121576,P2M,Entertainment,3513.02,SUCCESS,18-25,,Gujarat,SBI,SBI,Android,4G,0,4,Tuesday,0
TXN99698D9C5AEE,2026-02-03 05:23:25.111565,Recharge,Utilities,156.17,SUCCESS,18-25,,Gujarat,HDFC,HDFC,Android,5G,0,5,Tuesday,0
TXN816669AC7780,2026-02-03 05:40:51.118485,Recharge,Utilities,278.11,FAILED,18-25,,Rajasthan,SBI,Axis,iOS,4G,0,5,Tuesday,0
TXN960E94ACCF66,2026-02-03 05:42:53.119900,Recharge,Utilities,685.74,SUCCESS,18-25,,Gujarat,HDFC,Yes Bank,Android,4G,0,5,Tuesday,0
TXN23B0507C9428,2026-02-03 07:57:59.122692,Bill Payment,Utilities,33092.2,SUCCESS,26-35,,Telangana,SBI,SBI,Web,4G,1,7,Tuesday,0
TXND02D90D96007,2026-02-03 09:53:48.111734,P2P,,25000.0,SUCCESS,36-45,46-55,Rajasthan,SBI,HDFC,Android,5G,0,9,Tuesday,0
TXNC1D702410C3A,2026-02-03 10:48:05.114203,P2M,Grocery,30000.0,SUCCESS,26-35,,Maharashtra,HDFC,HDFC,iOS,5G,0,10,Tuesday,0
TXN58556D33E597,2026-02-03 12:00:39.107570,P2P,,25000.0,SUCCESS,46-55,26-35,Karnataka,SBI,ICICI,Android,5G,0,12,Tuesday,0
TXNE8D2563B1DE2,2026-02-03 12:26:58.124599,P2P,,4331.61,SUCCESS,18-25,18-25,Gujarat,Axis,Axis,iOS,5G,0,12,Tuesday,0
TXN809BFD41CF96,2026-02-03 17:13:53.117072,P2P,,4856.96,SUCCESS,26-35,36-45,Uttar Pradesh,Axis,Yes Bank,Android,5G,0,17,Tuesday,0
TXNAA37E183B72E,2026-02-03 18:21:13.108865,P2M,Food,7615.93,SUCCESS,46-55,,West Bengal,Axis,SBI,Android,WiFi,0,18,Tuesday,0
TXN2BF342857DD4,2026-02-03 19:24:00.118996,P2P,,4969.2,SUCCESS,36-45,18-25,Telangana,HDFC,HDFC,iOS,4G,0,19,Tuesday,0
TXN8682F436D66E,2026-02-03 20:22:39.118855,P2M,Entertainment,8649.9,SUCCESS,36-45,,Maharashtra,ICICI,SBI,Android,WiFi,0,20,Tuesday,0
TXN9FE85B37B32F,2026-02-03 21:19:06.123160,P2P,,1572.84,SUCCESS,18-25,26-35,West Bengal,HDFC,SBI,Android,5G,0,21,Tuesday,0
TXN81DE71FB89EE,2026-02-04 04:41:09.123257,P2M,Entertainment,9183.85,SUCCESS,36-45,,West Bengal,ICICI,HDFC,Android,5G,0,4,Wednesday,0
TXN24EA37879430,2026-02-04 04:44:38.119188,P2P,,21022.61,SUCCESS,26-35,36-45,Maharashtra,ICICI,ICICI,iOS,4G,0,4,Wednesday,0
TXNEB79DCFDDF27,2026-02-04 08:08:00.110419,P2P,,3723.68,SUCCESS,36-45,18-25,Gujarat,HDFC,Yes Bank,Android,4G,0,8,Wednesday,0
TXNC7588D828327,2026-02-04 08:18:00.114084,P2P,,25000.0,SUCCESS,18-25,26-35,Rajasthan,HDFC,SBI,Android,WiFi,0,8,Wednesday,0
TXNC0EB0F97A7FE,2026-02-04 09:05:46.114566,Recharge,Utilities,110.47,SUCCESS,26-35,,Tamil Nadu,SBI,HDFC,Android,4G,0,9,Wednesday,0
TXN347A3737DFE7,2026-02-04 10:03:14.120722,Bill Payment,Utilities,16376.45,SUCCESS,26-35,,Delhi,Yes Bank,ICICI,Android,5G,0,10,Wednesday,0
TXN11E8615731CA,2026-02-04 16:20:29.115962,P2M,Fuel,7766.66,SUCCESS,26-35,,Gujarat,Axis,Axis,Android,4G,0,16,Wednesday,0
TXN47AD612AB918,2026-02-04 20:02:55.124729,P2M,Grocery,1508.52,SUCCESS,18-25,,Tamil Nadu,Yes Bank,Axis,Android,4G,0,20,Wednesday,0
TXN459C41DA3084,2026-02-04 20:27:01.108516,Recharge,Utilities,375.37,SUCCESS,56+,,Uttar Pradesh,Axis,SBI,iOS,5G,0,20,Wednesday,0
TXN310705A7363F,2026-02-04 22:38:34.114433,P2P,,12768.51,SUCCESS,26-35,46-55,Karnataka,ICICI,Axis,Android,WiFi,0,22,Wednesday,0
TXN0192D87727E2,2026-02-05 01:42:28.117869,P2P,,14916.54,SUCCESS,26-35,18-25,Tamil Nadu,ICICI,ICICI,iOS,4G,0,1,Thursday,0
TXN62E000C7C592,2026-02-05 02:40:01.108553,Bill Payment,Utilities,6177.3,SUCCESS,36-45,,Maharashtra,Axis,Axis,iOS,4G,0,2,Thursday,0
TXNAD1630BD6D0B,2026-02-05 04:03:15.122072,P2P,,3986.51,SUCCESS,18-25,26-35,Delhi,ICICI,HDFC,Android,4G,0,4,Thursday,0
TXN79919544437C,2026-02-05 06:21:42.110683,P2M,Entertainment,19770.97,SUCCESS,26-35,,Rajasthan,SBI,HDFC,iOS,4G,0,6,Thursday,0
TXN98B3A81F7F68,2026-02-05 07:36:25.122559,Bill Payment,Utilities,12062.56,SUCCESS,26-35,,Maharashtra,SBI,HDFC,iOS,WiFi,0,7,Thursday,0
TXN15EB71202B49,2026-02-05 07:41:37.118887,Recharge,Utilities,441.18,SUCCESS,26-35,,Tamil Nadu,SBI,ICICI,Android,WiFi,0,7,Thursday,0
TXN4EBA31AFA4AB,2026-02-05 08:15:11.114467,P2M,Grocery,10040.42,SUCCESS,26-35,,Maharashtra,HDFC,HDFC,Android,5G,0,8,Thursday,0
TXNFC27D21128BB,2026-02-05 10:20:31.115352,P2M,Fuel,19483.56,SUCCESS,46-55,,Gujarat,Yes Bank,SBI,iOS,4G,0,10,Thursday,0
TXN7EACB5641931,2026-02-05 11:35:13.116595,P2P,,1771.98,SUCCESS,26-35,46-55,Gujarat,SBI,ICICI,Android,4G,0,11,Thursday,0
TXND2E850843837,2026-02-05 11:50:04.123716,P2P,,6627.46,SUCCESS,26-35,18-25,West Bengal,Yes Bank,SBI,iOS,5G,1,11,Thursday,0
TXN4C97D6F712FD,2026-02-05 12:04:58.120484,Bill Payment,Utilities,12431.88,SUCCESS,36-45,,Maharashtra,Axis,HDFC,iOS,4G,0,12,Thursday,0
TXND7D1373CC120,2026-02-05 15:58:40.107962,Recharge,Utilities,74.17,SUCCESS,26-35,,Rajasthan,HDFC,Axis,Web,4G,0,15,Thursday,0
TXN2BD4F47A4E16,2026-02-05 16:15:14.117772,P2P,,1599.02,SUCCESS,46-55,18-25,Gujarat,HDFC,ICICI,iOS,WiFi,0,16,Thursday,0
TXNAA318D5B1784,2026-02-05 18:19:39.115798,P2P,,12010.23,SUCCESS,26-35,56+,Tamil Nadu,HDFC,Axis,iOS,4G,0,18,Thursday,0
TXN20941E750115,2026-02-05 21:17:48.113805,P2M,Food,2766.47,SUCCESS,18-25,,Karnataka,SBI,SBI,Android,4G,0,21,Thursday,0
TXN409089E0E7C6,2026-02-05 21:24:31.116061,P2P,,45000.0,SUCCESS,36-45,18-25,Telangana,SBI,ICICI,iOS,4G,0,21,Thursday,0
TXN689DD200FAED,2026-02-05 22:36:33.109704,P2P,,3725.29,SUCCESS,36-45,56+,Karnataka,SBI,ICICI,iOS,4G,0,22,Thursday,0
TXNF9F10CBDC894,2026-02-05 23:43:27.108481,P2P,,3429.25,SUCCESS,36-45,46-55,West Bengal,SBI,SBI,Android,4G,0,23,Thursday,0
TXNDCB0A4AAD2AB,2026-02-06 01:11:50.108067,P2M,Food,2271.75,SUCCESS,56+,,Maharashtra,HDFC,HDFC,Android,WiFi,0,1,Friday,0
TXN3BD56905E60F,2026-02-06 01:18:38.124534,Bill Payment,Utilities,19223.79,SUCCESS,18-25,,Gujarat,SBI,Yes Bank,Android,5G,0,1,Friday,0
TXNB68D7A1FA16A,2026-02-06 02:33:27.121611,Bill Payment,Utilities,2555.27,SUCCESS,18-25,,Tamil Nadu,SBI,Axis,Android,5G,0,2,Friday,0
TXN92D557DE867F,2026-02-06 04:31:39.114892,P2M,Food,6629.9,SUCCESS,46-55,,Karnataka,Yes Bank,ICICI,Android,5G,0,4,Friday,0
TXN9BB8BD3BA30E,2026-02-06 05:17:23.108660,P2P,,3910.9,SUCCESS,56+,18-25,West Bengal,SBI,SBI,iOS,4G,0,5,Friday,0
TXN017B63CAA91D,2026-02-06 05:28:48.124663,Bill Payment,Utilities,15351.15,SUCCESS,36-45,,Delhi,Axis,Axis,Web,4G,0,5,Friday,0
TXN261DBB1FD4AC,2026-02-06 05:46:41.116805,P2M,Fuel,22204.44,SUCCESS,26-35,,Uttar Pradesh,ICICI,ICICI,Android,4G,0,5,Friday,0
TXN2F2AEF21836A,2026-02-06 08:40:43.111869,P2P,,6972.61,SUCCESS,46-55,56+,Tamil Nadu,HDFC,HDFC,Web,4G,0,8,Friday,0
TXN60BF757EC7AF,2026-02-06 10:25:33.121048,P2P,,13528.8,SUCCESS,26-35,18-25,Uttar Pradesh,HDFC,ICICI,iOS,5G,0,10,Friday,0
TXNAEF58C7D07A2,2026-02-06 12:19:10.111803,P2M,Entertainment,11248.54,SUCCESS,26-35,,Maharashtra,SBI,ICICI,Android,WiFi,0,12,Friday,0
TXN1B99116C3772,2026-02-06 13:45:43.108446,P2M,Food,9107.33,SUCCESS,56+,,Rajasthan,SBI,SBI,Android,4G,0,13,Friday,0
TXN32F24E396296,2026-02-06 15:07:58.122660,Recharge,Utilities,391.75,SUCCESS,26-35,,Gujarat,Axis,HDFC,Web,4G,0,15,Friday,0
TXNCC6029F5E07E,2026-02-06 15:15:01.111185,P2M,Entertainment,25000.0,SUCCESS,18-25,,Delhi,HDFC,SBI,Android,5G,0,15,Friday,0
TXN9A1D967FB05A,2026-02-06 18:05:52.119711,P2M,Grocery,3905.33,SUCCESS,18-25,,Maharashtra,Yes Bank,Axis,Android,5G,0,18,Friday,0
TXNFDD000215A49,2026-02-06 18:30:57.112239,P2M,Entertainment,4532.71,SUCCESS,18-25,,West Bengal,HDFC,Yes Bank,Android,4G,0,18,Friday,0
TXN74E5CF618721,2026-02-06 21:15:53.110853,Bill Payment,Utilities,8437.57,SUCCESS,18-25,,Gujarat,ICICI,Yes Bank,Android,5G,0,21,Friday,0
TXN61684B878096,2026-02-07 00:12:31.109372,P2P,,17531.18,SUCCESS,26-35,18-25,West Bengal,SBI,SBI,Android,5G,0,0,Saturday,1
TXNB3B02FF38C7B,2026-02-07 02:44:23.124631,P2M,Entertainment,1254.75,SUCCESS,36-45,,Karnataka,ICICI,Yes Bank,Android,4G,0,2,Saturday,1
TXNF2136C710319,2026-02-07 06:17:53.124801,Bill Payment,Utilities,3823.02,SUCCESS,26-35,,Tamil Nadu,Axis,HDFC,iOS,4G,0,6,Saturday,1
TXN31A7935C3DA8,2026-02-07 07:24:59.112905,P2P,,18089.14,SUCCESS,56+,26-35,Tamil Nadu,ICICI,Axis,iOS,5G,0,7,Saturday,1
TXNB087C8599811,2026-02-07 07:52:54.119221,P2M,Grocery,14068.17,SUCCESS,18-25,,Rajasthan,ICICI,HDFC,Web,5G,0,7,Saturday,1
TXNAF82FA0A71C8,2026-02-07 08:05:44.118421,P2P,,12664.54,SUCCESS,18-25,26-35,Kerala,HDFC,SBI,iOS,4G,0,8,Saturday,1
TXN2F6CC159F7AB,2026-02-07 09:35:15.107739,P2P,,13469.34,SUCCESS,26-35,36-45,Tamil Nadu,ICICI,HDFC,Android,WiFi,0,9,Saturday,1
TXNE8009DE1552C,2026-02-07 09:39:37.113740,P2M,Food,3083.47,SUCCESS,36-45,,Delhi,Axis,SBI,iOS,WiFi,0,9,Saturday,1
TXNA0CCEAAAD538,2026-02-07 09:45:28.118160,P2P,,8501.83,SUCCESS,46-55,26-35,Maharashtra,HDFC,ICICI,Android,WiFi,0,9,Saturday,1
TXNBEA81B20C28B,2026-02-07 11:16:42.108589,P2P,,45000.0,SUCCESS,18-25,36-45,Tamil Nadu,SBI,SBI,iOS,5G,0,11,Saturday,1
TXN64722DA09404,2026-02-07 16:13:34.108898,P2P,,13084.76,SUCCESS,26-35,46-55,Gujarat,Yes Bank,ICICI,Android,WiFi,0,16,Saturday,1
TXN633CBCA937D3,2026-02-07 16:18:40.112103,Recharge,Utilities,806.89,SUCCESS,18-25,,Uttar Pradesh,HDFC,SBI,Android,4G,0,16,Saturday,1
TXNA63A6121FE78,2026-02-07 17:33:38.124406,P2M,Entertainment,4876.1,SUCCESS,26-35,,Gujarat,Axis,HDFC,Android,WiFi,0,17,Saturday,1
TXN7E9940EC43C9,2026-02-07 19:32:07.109095,Recharge,Utilities,317.02,SUCCESS,26-35,,Gujarat,SBI,HDFC,Web,WiFi,0,19,Saturday,1
TXNADDACC4B96E9,2026-02-07 21:32:21.111936,P2M,Food,6910.43,FAILED,18-25,,Maharashtra,Yes Bank,ICICI,Android,4G,0,21,Saturday,1
TXN4FDD9AA18CFF,2026-02-07 21:58:56.114608,Bill Payment,Utilities,4015.09,SUCCESS,26-35,,Delhi,SBI,SBI,Android,4G,0,21,Saturday,1
TXNB83D7A1DBCE5,2026-02-07 23:15:35.112804,P2P,,8381.73,SUCCESS,18-25,26-35,Tamil Nadu,HDFC,SBI,Android,4G,0,23,Saturday,1
TXN737A44164246,2026-02-08 00:32:18.117144,P2M,Grocery,30000.0,SUCCESS,18-25,,Gujarat,SBI,Axis,iOS,WiFi,0,0,Sunday,1
TXN2813D030A7BF,2026-02-08 00:59:21.114144,P2P,,4798.6,SUCCESS,36-45,56+,Gujarat,HDFC,Yes Bank,Android,4G,0,0,Sunday,1
TXN3AC8B076F885,2026-02-08 02:17:16.121838,P2M,Entertainment,24221.81,SUCCESS,56+,,Maharashtra,ICICI,SBI,Android,WiFi,0,2,Sunday,1
TXNE7B81F3760B8,2026-02-08 06:16:05.123424,P2P,,22002.39,SUCCESS,36-45,18-25,Tamil Nadu,HDFC,SBI,iOS,4G,0,6,Sunday,1
TXNC73DCD6EEE29,2026-02-08 08:39:23.124471,P2M,Fuel,8538.89,SUCCESS,18-25,,Maharashtra,Axis,Axis,Android,4G,0,8,Sunday,1
TXN519E872FB538,2026-02-08 10:36:34.117608,P2P,,7004.12,SUCCESS,26-35,18-25,West Bengal,HDFC,HDFC,Android,4G,0,10,Sunday,1
TXN1DB422B06911,2026-02-08 10:54:54.111836,Bill Payment,Utilities,25000.0,SUCCESS,26-35,,Maharashtra,SBI,SBI,Android,4G,0,10,Sunday,1
TXN49A242DD402D,2026-02-08 13:45:10.123094,P2M,Food,8082.2,SUCCESS,46-55,,Delhi,SBI,SBI,Web,4G,0,13,Sunday,1
TXN1B20890CA680,2026-02-08 19:23:08.122962,P2M,Grocery,813.95,SUCCESS,26-35,,Tamil Nadu,ICICI,ICICI,Android,4G,0,19,Sunday,1
TXNFE3AF41ADF2D,2026-02-08 19:29:11.110248,Bill Payment,Utilities,6878.04,SUCCESS,36-45,,Karnataka,SBI,SBI,Android,WiFi,0,19,Sunday,1
TXN9B9103DCBD00,2026-02-08 20:16:16.114679,Recharge,Utilities,622.47,SUCCESS,36-45,,Tamil Nadu,SBI,HDFC,iOS,4G,0,20,Sunday,1
TXNE5A494281A10,2026-02-08 20:30:44.114020,P2P,,6334.33,SUCCESS,26-35,26-35,Delhi,SBI,HDFC,Android,WiFi,0,20,Sunday,1
TXN74ECC9359CBD,2026-02-08 20:42:58.113290,P2P,,2751.92,SUCCESS,36-45,26-35,Maharashtra,ICICI,HDFC,Android,WiFi,0,20,Sunday,1
TXN7CC93728FC47,2026-02-08 21:48:40.123488,P2M,Grocery,2932.01,SUCCESS,36-45,,Gujarat,Axis,ICICI,iOS,4G,0,21,Sunday,1
TXN4691F6FEA88A,2026-02-08 22:23:10.117244,P2P,,7125.8,SUCCESS,18-25,26-35,Tamil Nadu,ICICI,Axis,Android,4G,0,22,Sunday,1
TXNE09FE4AE090B,2026-02-08 22:50:04.109468,P2M,Fuel,2702.46,SUCCESS,36-45,,Karnataka,ICICI,HDFC,Android,5G,0,22,Sunday,1
TXNB17626365EEC,2026-02-08 23:03:04.115252,Recharge,Utilities,2000.0,SUCCESS,46-55,,Tamil Nadu,SBI,ICICI,iOS,5G,0,23,Sunday,1
TXNA8B95F5EFD22,2026-02-08 23:47:52.119028,P2P,,25000.0,SUCCESS,26-35,26-35,Tamil Nadu,Axis,SBI,Android,4G,0,23,Sunday,1
TXN88F75EB47B72,2026-02-09 00:56:08.110648,P2P,,6889.92,SUCCESS,26-35,26-35,Telangana,ICICI,HDFC,Android,5G,0,0,Monday,0
TXN9F70BADF19BB,2026-02-09 01:58:26.107776,P2P,,3909.88,SUCCESS,36-45,36-45,Tamil Nadu,SBI,HDFC,Android,WiFi,0,1,Monday,0
TXN8F944188D6A2,2026-02-09 05:19:50.123948,P2M,Entertainment,7774.37,SUCCESS,46-55,,Karnataka,SBI,SBI,iOS,4G,0,5,Monday,0
TXN15390F87AFAF,2026-02-09 06:27:53.112771,P2P,,23683.53,SUCCESS,56+,18-25,Tamil Nadu,SBI,HDFC,Web,WiFi,0,6,Monday,0
TXN7DB51AB3C408,2026-02-09 06:28:03.118257,Recharge,Utilities,219.34,SUCCESS,36-45,,Gujarat,Yes Bank,Axis,Android,4G,0,6,Monday,0
TXN8C31423EEFA5,2026-02-09 06:40:23.122463,Bill Payment,Utilities,25000.0,SUCCESS,36-45,,Maharashtra,HDFC,SBI,Android,WiFi,0,6,Monday,0
TXN617752597C94,2026-02-09 06:45:52.123748,Bill Payment,Utilities,2839.71,SUCCESS,26-35,,Karnataka,ICICI,HDFC,Android,4G,0,6,Monday,0
TXND076AB777738,2026-02-09 07:39:34.122137,Recharge,Utilities,172.77,SUCCESS,46-55,,Telangana,SBI,Axis,Android,4G,0,7,Monday,0
TXN1C4500AE544A,2026-02-09 10:05:05.118386,P2P,,11029.54,SUCCESS,26-35,46-55,Maharashtra,Yes Bank,HDFC,iOS,WiFi,0,10,Monday,0
TXN6BC199684178,2026-02-09 10:50:13.120165,P2M,Food,8637.38,SUCCESS,46-55,,Uttar Pradesh,ICICI,SBI,Android,5G,0,10,Monday,0
TXNF704FA021A05,2026-02-09 10:59:12.123225,P2P,,5914.66,SUCCESS,26-35,56+,Kerala,Yes Bank,Yes Bank,Android,4G,0,10,Monday,0
TXN2331D536C153,2026-02-09 13:24:57.118518,P2M,Food,10810.07,SUCCESS,26-35,,Rajasthan,ICICI,HDFC,Android,WiFi,0,13,Monday,0
TXN35EB070E4197,2026-02-09 15:46:04.107364,P2M,Entertainment,5447.28,SUCCESS,26-35,,Uttar Pradesh,SBI,Axis,Android,5G,0,15,Monday,0
TXN113AAEEB0E88,2026-02-09 16:28:24.109306,P2M,Entertainment,3178.66,SUCCESS,18-25,,Kerala,ICICI,Axis,Android,5G,0,16,Monday,0
TXN3F146B78C1F4,2026-02-09 17:45:47.111498,P2M,Food,8456.44,SUCCESS,46-55,,Gujarat,HDFC,HDFC,Android,4G,0,17,Monday,0
TXN60548B087912,2026-02-09 20:29:13.108625,P2M,Fuel,7404.38,SUCCESS,18-25,,Kerala,SBI,Yes Bank,Web,4G,0,20,Monday,0
TXNE8C2BA499365,2026-02-09 20:50:46.112940,P2M,Fuel,2280.21,SUCCESS,18-25,,Tamil Nadu,SBI,HDFC,iOS,4G,0,20,Monday,0
TXN3F637D41C406,2026-02-09 22:05:25.116530,P2M,Grocery,25000.0,SUCCESS,26-35,,Maharashtra,ICICI,ICICI,Android,4G,0,22,Monday,0
TXNC9ABE1AF5B46,2026-02-09 22:32:50.108797,P2M,Grocery,1057.49,SUCCESS,26-35,,Gujarat,ICICI,SBI,Web,WiFi,0,22,Monday,0
TXN36C00F43B9DF,2026-02-09 22:39:39.122756,P2M,Grocery,29494.42,SUCCESS,26-35,,Maharashtra,SBI,Axis,Web,4G,0,22,Monday,0
TXN1D26094CF1DD,2026-02-09 23:09:58.118751,P2P,,11501.56,SUCCESS,36-45,26-35,Kerala,SBI,SBI,iOS,WiFi,0,23,Monday,0
TXNEACE2EF07979,2026-02-10 01:39:40.119544,P2P,,3558.21,SUCCESS,26-35,18-25,West Bengal,SBI,HDFC,Android,WiFi,0,1,Tuesday,0
TXN22821E807F48,2026-02-10 03:54:24.116630,Recharge,Utilities,1258.23,SUCCESS,46-55,,Uttar Pradesh,HDFC,SBI,Web,4G,0,3,Tuesday,0
TXN7E907A9A7283,2026-02-10 05:07:20.117740,Bill Payment,Utilities,45000.0,SUCCESS,36-45,,Maharashtra,Yes Bank,Yes Bank,iOS,WiFi,0,5,Tuesday,0
TXN1BC734F1284D,2026-02-10 07:59:11.112201,P2P,,2856.87,SUCCESS,26-35,56+,Karnataka,SBI,SBI,Android,4G,0,7,Tuesday,0
TXNF7EAE8C42805,2026-02-10 08:10:58.116130,P2M,Fuel,825.5,SUCCESS,56+,,Tamil Nadu,SBI,SBI,Android,4G,0,8,Tuesday,0
TXN8DB8C2950E2F,2026-02-10 08:32:59.116771,P2M,Entertainment,4624.35,SUCCESS,18-25,,Maharashtra,SBI,Axis,iOS,4G,0,8,Tuesday,0
TXNF0CD1515AA65,2026-02-10 10:07:01.115157,P2P,,10464.79,SUCCESS,26-35,26-35,Maharashtra,HDFC,HDFC,Android,4G,0,10,Tuesday,0
TXN718E53077943,2026-02-10 10:51:55.109340,Recharge,Utilities,926.37,SUCCESS,46-55,,Gujarat,HDFC,SBI,Android,WiFi,0,10,Tuesday,0
TXNB2C94505DF76,2026-02-10 11:08:35.119157,P2M,Grocery,13805.18,SUCCESS,46-55,,Rajasthan,HDFC,SBI,Android,4G,0,11,Tuesday,0
TXN9C0D2BA3D63D,2026-02-10 11:33:44.124242,P2P,,4748.98,FAILED,46-55,46-55,Tamil Nadu,Axis,SBI,Android,5G,0,11,Tuesday,0
TXN1DA2B243265E,2026-02-10 11:50:19.117708,P2M,Entertainment,1814.06,SUCCESS,18-25,,Karnataka,HDFC,Axis,Android,4G,0,11,Tuesday,0
TXN2AC257D7058B,2026-02-10 12:41:38.121973,Bill Payment,Utilities,6191.72,SUCCESS,26-35,,Rajasthan,HDFC,Axis,iOS,4G,0,12,Tuesday,0
TXNFB66E727F728,2026-02-10 12:51:40.121937,P2M,Fuel,1269.92,SUCCESS,18-25,,Maharashtra,HDFC,HDFC,Android,4G,1,12,Tuesday,0
TXN7AD18A13C45E,2026-02-10 13:03:25.124208,P2P,,3515.43,SUCCESS,18-25,56+,Delhi,Yes Bank,SBI,Android,4G,0,13,Tuesday,0
TXN1930DF3BEC6C,2026-02-10 13:15:50.123323,Recharge,Utilities,63.57,SUCCESS,26-35,,Maharashtra,SBI,HDFC,Android,5G,0,13,Tuesday,0
TXN47E1E41DE876,2026-02-10 15:53:24.112037,P2M,Food,8037.62,SUCCESS,26-35,,Gujarat,Yes Bank,SBI,iOS,4G,0,15,Tuesday,0
TXN92BAAF448EC4,2026-02-10 16:54:32.111217,P2M,Entertainment,7448.1,SUCCESS,18-25,,Karnataka,Yes Bank,Axis,Android,5G,0,16,Tuesday,0
TXN7335F8B8EDFC,2026-02-10 19:15:13.123912,Recharge,Utilities,2000.0,SUCCESS,46-55,,Karnataka,ICICI,ICICI,Android,WiFi,0,19,Tuesday,0
TXN15E50D04A360,2026-02-10 20:46:35.125155,P2M,Fuel,2605.86,SUCCESS,26-35,,Telangana,Axis,HDFC,Android,4G,0,20,Tuesday,0
TXN806BEB6EEEF6,2026-02-10 20:53:35.107888,Recharge,Utilities,315.41,FAILED,56+,,West Bengal,Axis,HDFC,Android,4G,0,20,Tuesday,0
TXNE6F2F35EFB7E,2026-02-10 21:03:44.119644,P2M,Food,7991.25,SUCCESS,26-35,,Karnataka,ICICI,Yes Bank,Android,4G,0,21,Tuesday,0
TXN68C36139DEB7,2026-02-10 23:25:05.125123,P2P,,9310.47,SUCCESS,26-35,26-35,Tamil Nadu,SBI,Axis,iOS,4G,0,23,Tuesday,0
TXND07CC93124CA,2026-02-11 01:01:41.119386,P2P,,29862.35,SUCCESS,26-35,18-25,Maharashtra,ICICI,SBI,iOS,5G,0,1,Wednesday,0
TXN34EA56E85F62,2026-02-11 01:52:53.118291,P2M,Fuel,3572.27,SUCCESS,46-55,,West Bengal,Axis,SBI,Android,4G,0,1,Wednesday,0
TXNF32586A60B33,2026-02-11 02:16:20.122105,P2P,,35000.98,SUCCESS,18-25,26-35,Maharashtra,SBI,SBI,Web,4G,0,2,Wednesday,0
TXN05FBF625D5E6,2026-02-11 04:08:18.110582,P2P,,3681.14,SUCCESS,26-35,26-35,Gujarat,HDFC,ICICI,Android,4G,0,4,Wednesday,0
TXN081E86F5E4C7,2026-02-11 05:04:43.115672,P2M,Grocery,14906.98,SUCCESS,26-35,,Maharashtra,HDFC,HDFC,iOS,4G,0,5,Wednesday,0
TXNDDC2A7553548,2026-02-11 06:18:44.121712,P2P,,45000.0,SUCCESS,36-45,26-35,Rajasthan,Axis,HDFC,iOS,4G,0,6,Wednesday,0
TXN1B60509F0BA9,2026-02-11 06:19:42.108694,P2M,Grocery,17083.52,SUCCESS,18-25,,Gujarat,HDFC,HDFC,Web,WiFi,0,6,Wednesday,0
TXNF0922B1F8AAD,2026-02-11 06:31:18.120099,P2P,,11055.91,SUCCESS,36-45,46-55,West Bengal,ICICI,Axis,iOS,5G,0,6,Wednesday,0
TXN4A4133E9A855,2026-02-11 07:27:18.109169,P2P,,26473.51,SUCCESS,18-25,56+,Maharashtra,SBI,SBI,Web,WiFi,0,7,Wednesday,0
TXN4D56731183C7,2026-02-11 08:48:45.121905,Recharge,Utilities,1732.66,SUCCESS,36-45,,Maharashtra,ICICI,ICICI,Android,5G,0,8,Wednesday,0
TXN4A000C14456E,2026-02-11 08:49:01.108134,Bill Payment,Utilities,5051.59,SUCCESS,26-35,,Karnataka,HDFC,SBI,Web,4G,0,8,Wednesday,0
TXN6EDDF59797EA,2026-02-11 13:23:44.117110,Bill Payment,Utilities,1801.81,SUCCESS,18-25,,Karnataka,SBI,Axis,Android,5G,0,13,Wednesday,0
TXNF9B20CE7524E,2026-02-11 15:16:35.109063,Bill Payment,Utilities,5488.99,SUCCESS,26-35,,Maharashtra,HDFC,ICICI,iOS,4G,0,15,Wednesday,0
TXN569E680F09F7,2026-02-11 18:53:27.113937,Recharge,Utilities,662.68,SUCCESS,36-45,,Gujarat,Axis,HDFC,iOS,5G,0,18,Wednesday,0
TXN72828DCB9F3E,2026-02-11 19:17:36.122231,P2M,Fuel,10462.74,SUCCESS,46-55,,West Bengal,SBI,SBI,Android,5G,0,19,Wednesday,0
TXN797F143100AA,2026-02-11 19:27:49.115767,P2M,Fuel,18584.57,SUCCESS,46-55,,Tamil Nadu,Axis,SBI,Android,5G,0,19,Wednesday,0
TXN037F156537F2,2026-02-11 19:53:43.109943,P2P,,3280.06,SUCCESS,18-25,36-45,West Bengal,Axis,SBI,Android,WiFi,0,19,Wednesday,0
TXNCA5984758EA0,2026-02-11 19:53:54.115284,P2P,,19932.85,SUCCESS,18-25,36-45,West Bengal,SBI,Axis,iOS,5G,0,19,Wednesday,0
TXN68FA50DD5283,2026-02-11 19:55:25.116935,P2P,,2474.53,SUCCESS,18-25,18-25,West Bengal,Yes Bank,SBI,Android,WiFi,0,19,Wednesday,0
TXN5E001D9187F0,2026-02-11 20:14:07.109525,P2P,,8266.96,SUCCESS,26-35,18-25,Karnataka,SBI,HDFC,iOS,5G,0,20,Wednesday,0
TXN8F2BAE9AF713,2026-02-11 20:19:54.123879,P2P,,1887.22,SUCCESS,46-55,26-35,Tamil Nadu,SBI,SBI,Android,4G,0,20,Wednesday,0
TXNA99242FF0CE5,2026-02-11 21:20:18.110951,Bill Payment,Utilities,4962.88,SUCCESS,26-35,,Uttar Pradesh,HDFC,ICICI,Android,4G,0,21,Wednesday,0
TXND57FE6E1253B,2026-02-11 21:42:05.112470,P2P,,14604.96,SUCCESS,26-35,36-45,Delhi,HDFC,HDFC,iOS,5G,0,21,Wednesday,0
TXN193918011CFE,2026-02-11 23:32:28.107813,Bill Payment,Utilities,10795.54,SUCCESS,26-35,,Karnataka,ICICI,SBI,Android,4G,0,23,Wednesday,0
TXN6469BA321994,2026-02-12 03:11:51.117804,P2M,Fuel,5374.13,SUCCESS,46-55,,Maharashtra,ICICI,ICICI,Android,5G,0,3,Thursday,0
TXN8255FED34DD8,2026-02-12 05:05:45.115418,P2M,Entertainment,4563.6,SUCCESS,26-35,,Rajasthan,ICICI,SBI,Android,WiFi,0,5,Thursday,0
TXN5193B7122AB7,2026-02-12 09:04:24.110614,P2P,,18816.72,SUCCESS,36-45,26-35,Rajasthan,ICICI,SBI,iOS,4G,0,9,Thursday,0
TXN36A92FCB2959,2026-02-12 09:37:47.119449,Bill Payment,Utilities,4938.64,SUCCESS,36-45,,Uttar Pradesh,SBI,ICICI,iOS,WiFi,0,9,Thursday,0
TXNA0CC5FEE21DE,2026-02-12 09:58:13.123846,P2P,,3594.24,SUCCESS,56+,18-25,Karnataka,HDFC,HDFC,Android,4G,0,9,Thursday,0
TXN3630B66FC108,2026-02-12 12:17:26.113971,P2P,,25755.85,SUCCESS,18-25,26-35,Maharashtra,Axis,HDFC,iOS,5G,0,12,Thursday,0
TXN39F7A1E246F4,2026-02-12 13:16:24.118960,P2P,,34045.0,SUCCESS,26-35,36-45,Gujarat,HDFC,ICICI,Web,4G,0,13,Thursday,0
TXNC1A0D4A58745,2026-02-12 13:31:24.108269,P2M,Grocery,8029.3,SUCCESS,26-35,,Karnataka,SBI,ICICI,Web,4G,0,13,Thursday,0
TXN423EABF1C11B,2026-02-12 13:54:08.120035,P2M,Entertainment,7363.63,SUCCESS,26-35,,Uttar Pradesh,ICICI,ICICI,iOS,4G,0,13,Thursday,0
TXN46CA78B01539,2026-02-12 14:35:23.116027,Bill Payment,Utilities,5876.65,FAILED,36-45,,West Bengal,SBI,Yes Bank,iOS,4G,0,14,Thursday,0
TXN174C10593877,2026-02-12 16:09:06.117378,P2P,,11378.34,SUCCESS,56+,18-25,Delhi,Yes Bank,SBI,iOS,5G,0,16,Thursday,0
TXN4C3953E7D5DB,2026-02-12 17:11:51.116330,P2M,Grocery,10364.31,SUCCESS,56+,,Uttar Pradesh,SBI,SBI,Android,4G,0,17,Thursday,0
TXN1A2B20DA3D6B,2026-02-12 19:10:16.115864,P2M,Grocery,3058.97,SUCCESS,36-45,,Karnataka,SBI,Axis,Android,WiFi,0,19,Thursday,0
TXN420B4BA38220,2026-02-12 21:20:17.123519,P2M,Food,3741.6,SUCCESS,26-35,,Uttar Pradesh,SBI,Yes Bank,Android,5G,0,21,Thursday,0
TXNC06015A5CF0C,2026-02-13 00:20:59.121480,Bill Payment,Utilities,8831.54,SUCCESS,36-45,,Maharashtra,HDFC,HDFC,Android,WiFi,0,0,Friday,0
TXN36438125C670,2026-02-13 02:12:12.114368,P2P,,10129.52,SUCCESS,26-35,26-35,Maharashtra,ICICI,SBI,Android,4G,0,2,Friday,0
TXN8E1646BF2414,2026-02-13 02:43:54.122626,P2M,Entertainment,25000.0,SUCCESS,18-25,,Karnataka,HDFC,HDFC,Android,4G,0,2,Friday,0
TXN097D2CD6EE71,2026-02-13 04:07:21.125092,Bill Payment,Utilities,2224.04,SUCCESS,18-25,,Maharashtra,HDFC,HDFC,Android,5G,0,4,Friday,0
TXNDAEFDBB731B0,2026-02-13 04:30:47.123814,Bill Payment,Utilities,2228.51,FAILED,26-35,,Maharashtra,ICICI,ICICI,Android,5G,0,4,Friday,0
TXN41ACB3829B7E,2026-02-13 05:44:12.114645,Bill Payment,Utilities,14775.53,SUCCESS,26-35,,West Bengal,HDFC,ICICI,Android,5G,0,5,Friday,0
TXN918EFD7A3428,2026-02-13 06:06:56.111431,P2M,Fuel,30000.0,SUCCESS,36-45,,Maharashtra,SBI,HDFC,Web,4G,0,6,Friday,0
TXN9B4B03ED61E1,2026-02-13 11:29:17.109031,Recharge,Utilities,114.56,SUCCESS,56+,,Karnataka,HDFC,Axis,Android,WiFi,0,11,Friday,0
TXN2EDE8D6417EC,2026-02-13 11:36:06.125187,P2M,Grocery,1882.82,SUCCESS,26-35,,Karnataka,HDFC,ICICI,iOS,4G,0,11,Friday,0
TXN798DF41D7034,2026-02-13 13:16:09.119836,P2P,,5490.58,SUCCESS,26-35,26-35,Rajasthan,ICICI,SBI,iOS,WiFi,0,13,Friday,0
TXN80720FED812A,2026-02-13 13:44:43.117314,P2P,,1487.53,SUCCESS,18-25,56+,Uttar Pradesh,Yes Bank,ICICI,Android,4G,0,13,Friday,0
TXNBAAA5EAD2AD4,2026-02-13 14:16:03.111017,Recharge,Utilities,329.95,SUCCESS,46-55,,Telangana,HDFC,Yes Bank,Android,4G,0,14,Friday,0
TXNF1C53A255484,2026-02-13 14:45:05.118065,P2M,Fuel,8938.76,SUCCESS,36-45,,Karnataka,HDFC,SBI,Android,5G,0,14,Friday,0
TXNC435D77044B2,2026-02-13 20:12:23.117210,P2P,,7253.14,SUCCESS,26-35,26-35,Karnataka,Yes Bank,Axis,iOS,4G,0,20,Friday,0
TXN25AB13CDC3F6,2026-02-13 20:19:42.114400,Bill Payment,Utilities,10016.8,SUCCESS,18-25,,Tamil Nadu,ICICI,HDFC,Web,5G,0,20,Friday,0
TXNCEE007B374ED,2026-02-13 20:54:23.124566,P2M,Food,5503.94,SUCCESS,18-25,,Telangana,SBI,SBI,Android,WiFi,0,20,Friday,0
TXN93EF1C5C4E44,2026-02-13 22:46:53.118193,P2M,Food,14100.97,SUCCESS,26-35,,Karnataka,HDFC,SBI,Android,5G,0,22,Friday,0
TXN1D0BF25BBB37,2026-02-14 00:15:34.111631,Bill Payment,Utilities,13309.88,SUCCESS,26-35,,Maharashtra,ICICI,Yes Bank,Android,WiFi,0,0,Saturday,1
TXN78A3A6CC95CE,2026-02-14 01:33:26.109415,Bill Payment,Utilities,15924.42,SUCCESS,18-25,,Karnataka,HDFC,ICICI,Android,4G,0,1,Saturday,1
TXN5041CB2F9E6F,2026-02-14 02:42:42.110754,Recharge,Utilities,362.1,SUCCESS,18-25,,Delhi,SBI,Axis,Android,4G,0,2,Saturday,1
TXNE4CCF8CAA866,2026-02-14 03:17:00.124966,Bill Payment,Utilities,12181.96,FAILED,26-35,,Maharashtra,SBI,Yes Bank,iOS,WiFi,0,3,Saturday,1
TXNBA5ED4D6C194,2026-02-14 03:44:58.109839,P2P,,5818.09,SUCCESS,26-35,18-25,Kerala,Axis,ICICI,Android,WiFi,0,3,Saturday,1
TXN080744BE0C12,2026-02-14 04:29:56.122400,Recharge,Utilities,700.58,SUCCESS,26-35,,Uttar Pradesh,HDFC,HDFC,Android,5G,0,4,Saturday,1
TXN2504A3F983ED,2026-02-14 05:18:42.110083,P2M,Food,30000.0,SUCCESS,36-45,,Tamil Nadu,Yes Bank,HDFC,iOS,WiFi,0,5,Saturday,1
TXN669161FAFE01,2026-02-14 05:58:48.119125,P2M,Entertainment,23895.27,SUCCESS,36-45,,Karnataka,HDFC,Axis,iOS,WiFi,0,5,Saturday,1
TXN4654873194DD,2026-02-14 10:56:03.119093,Recharge,Utilities,149.22,SUCCESS,26-35,,Tamil Nadu,Axis,Axis,iOS,WiFi,0,10,Saturday,1
TXN38878A4281D0,2026-02-14 12:01:27.112601,P2P,,31641.44,FAILED,46-55,18-25,Telangana,Axis,SBI,Web,4G,0,12,Saturday,1
TXN4AA0F35B4DBB,2026-02-14 12:58:24.122527,Bill Payment,Utilities,20406.85,SUCCESS,56+,,West Bengal,HDFC,ICICI,Android,4G,0,12,Saturday,1
TXN42517DEF24BC,2026-02-14 14:16:06.110452,Bill Payment,Utilities,2795.69,SUCCESS,36-45,,Rajasthan,ICICI,Axis,Android,5G,0,14,Saturday,1
TXN0680A3F3189C,2026-02-14 16:40:31.107663,P2M,Grocery,4949.29,SUCCESS,26-35,,Kerala,ICICI,ICICI,Android,5G,0,16,Saturday,1
TXNF5C76B771897,2026-02-14 17:46:12.124899,P2P,,6202.85,SUCCESS,56+,18-25,Gujarat,Axis,HDFC,Android,4G,0,17,Saturday,1
TXN5F52DE9B3EB5,2026-02-14 18:03:35.116198,P2M,Grocery,3227.13,SUCCESS,18-25,,Tamil Nadu,ICICI,Axis,Android,4G,0,18,Saturday,1
TXN2FB354245B72,2026-02-14 18:22:53.111768,P2P,,2772.16,SUCCESS,26-35,26-35,Uttar Pradesh,HDFC,Axis,iOS,4G,0,18,Saturday,1
TXNDC4EA5DAEF82,2026-02-14 19:12:44.115607,P2M,Fuel,25000.0,SUCCESS,36-45,,Uttar Pradesh,ICICI,SBI,Android,5G,0,19,Saturday,1
TXN3E685415FD9B,2026-02-14 20:46:41.108933,Bill Payment,Utilities,13382.61,SUCCESS,26-35,,West Bengal,ICICI,HDFC,iOS,4G,0,20,Saturday,1
TXNB6B9858BF146,2026-02-14 22:00:33.117346,Bill Payment,Utilities,20080.26,SUCCESS,36-45,,Karnataka,SBI,SBI,Android,5G,0,22,Saturday,1
TXN638271B04F2E,2026-02-15 00:06:47.108763,P2M,Food,7707.89,SUCCESS,18-25,,Uttar Pradesh,ICICI,HDFC,Android,4G,0,0,Sunday,1
TXN238F19EBEE3C,2026-02-15 01:46:33.124439,P2P,,11128.82,SUCCESS,46-55,26-35,West Bengal,HDFC,HDFC,Android,4G,0,1,Sunday,1
